PRAGMA foreign_keys=OFF;
BEGIN TRANSACTION;
CREATE TABLE IF NOT EXISTS "migrations" ("id" integer primary key autoincrement not null, "migration" varchar not null, "batch" integer not null);
INSERT INTO migrations VALUES(1,'2014_10_12_000000_create_users_table',1);
INSERT INTO migrations VALUES(2,'2014_10_12_100000_create_password_reset_tokens_table',1);
INSERT INTO migrations VALUES(3,'2019_08_19_000000_create_failed_jobs_table',1);
INSERT INTO migrations VALUES(4,'2019_12_14_000001_create_personal_access_tokens_table',1);
INSERT INTO migrations VALUES(5,'2023_10_03_093754_create_categories_table',1);
INSERT INTO migrations VALUES(6,'2023_10_03_093824_create_products_table',1);
INSERT INTO migrations VALUES(7,'2023_12_15_102323_orders',1);
INSERT INTO migrations VALUES(8,'2023_12_25_035838_create_notifications_table',2);
INSERT INTO migrations VALUES(9,'2023_12_30_142639_create_business_hours_table',2);
INSERT INTO migrations VALUES(10,'2023_12_30_153833_create_appointments_table',2);
INSERT INTO migrations VALUES(11,'2024_01_01_150540_create_games_table',2);
INSERT INTO migrations VALUES(12,'2024_01_01_224000_create_order_details_table',2);
CREATE TABLE IF NOT EXISTS "users" ("id" integer primary key autoincrement not null, "name" varchar not null, "email" varchar not null, "email_verified_at" datetime, "phone" varchar, "address" varchar, "dob" date, "password" varchar not null, "usertype" varchar not null default 'user', "cafe_member" tinyint(1) not null default '0', "remember_token" varchar, "deleted_at" datetime, "created_at" datetime, "updated_at" datetime);
INSERT INTO users VALUES(1,'Armand Richards','vucupev@mailinator.com','2024-01-06 13:33:40','+1 (211) 661-1024','Eum est dolor iste','2020-11-01','$2y$10$NaIBK4b4NZnbJ5QeetuMe.DDccq4uMfls/e.C0nZqrIQUWR6LQZcy','user',0,NULL,NULL,'2024-01-06 13:32:45','2024-01-06 16:20:03');
INSERT INTO users VALUES(2,'admin','admifhchn@gmail.com','2024-01-06 13:35:05',NULL,NULL,NULL,'$2y$10$oHc8A6VzqtlmN7ut0Twxd.UjH4flzftoxX4QD/WxPXMIUv10wflOu','admin',0,NULL,NULL,'2024-01-06 13:34:37','2024-01-06 13:35:05');
INSERT INTO users VALUES(3,'Myra Webb','gukuseco@mailinator.com','2024-02-01 10:01:20',NULL,NULL,NULL,'$2y$10$aBTIJNQxnlE99sxzViWyDeJINfMeu1xZfkSsBXUUb2FcFDELomPca','admin',0,NULL,NULL,'2024-02-01 10:00:32','2024-02-01 10:01:20');
INSERT INTO users VALUES(4,'admin','admitsdfghjn@gmail.com',NULL,NULL,NULL,NULL,'$2y$10$IEUUAYSuAnrCD9yCKFm7YO0U1MqMSQPMqBpN4oQTo3AagfA7iqYjC','user',0,NULL,NULL,'2024-02-15 05:14:20','2024-02-15 05:14:20');
INSERT INTO users VALUES(5,'admin','admi1n@gmail.com',NULL,NULL,NULL,NULL,'$2y$10$2OEK66v6WcXYX08hIE7Bguy1TxpICmBy6Ov6OsIItXNvaABRE6RXm','user',0,NULL,NULL,'2024-02-15 05:28:40','2024-02-15 05:28:40');
INSERT INTO users VALUES(6,'admin','admin@gmail.com','2024-02-15 05:30:30',NULL,NULL,NULL,'$2y$10$9PKSEF1fW0IAe7GP6jKuCerkG72GOgNeCdpZjsUHFRrgY6IOnbbh.','admin',0,NULL,NULL,'2024-02-15 05:30:06','2024-02-15 05:30:30');
CREATE TABLE IF NOT EXISTS "password_reset_tokens" ("email" varchar not null, "token" varchar not null, "created_at" datetime, primary key ("email"));
CREATE TABLE IF NOT EXISTS "failed_jobs" ("id" integer primary key autoincrement not null, "uuid" varchar not null, "connection" text not null, "queue" text not null, "payload" text not null, "exception" text not null, "failed_at" datetime not null default CURRENT_TIMESTAMP);
CREATE TABLE IF NOT EXISTS "personal_access_tokens" ("id" integer primary key autoincrement not null, "tokenable_type" varchar not null, "tokenable_id" integer not null, "name" varchar not null, "token" varchar not null, "abilities" text, "last_used_at" datetime, "expires_at" datetime, "created_at" datetime, "updated_at" datetime);
CREATE TABLE IF NOT EXISTS "categories" ("id" integer primary key autoincrement not null, "name" varchar not null, "slug" varchar not null, "created_at" datetime, "updated_at" datetime);
INSERT INTO categories VALUES(1,'Laptops','0001','2024-01-06 13:41:14','2024-01-06 13:41:14');
INSERT INTO categories VALUES(2,'Processors','0002','2024-01-06 13:41:48','2024-01-06 13:41:48');
INSERT INTO categories VALUES(3,'Motherboards','0003','2024-01-06 13:42:39','2024-01-06 13:42:39');
INSERT INTO categories VALUES(4,'Graphic Cards','0004','2024-01-06 13:42:53','2024-01-06 13:42:53');
INSERT INTO categories VALUES(5,'Memory (RAM)','0005','2024-01-06 13:43:41','2024-01-06 13:43:41');
INSERT INTO categories VALUES(6,'Cooling and Lighting','0006','2024-01-06 13:46:14','2024-01-06 13:46:14');
INSERT INTO categories VALUES(7,'Keyboards, Mice & Gamepads','0007','2024-01-06 13:46:49','2024-01-06 13:46:49');
INSERT INTO categories VALUES(8,'Monitors & Accessories','0008','2024-01-06 13:48:18','2024-01-06 13:48:18');
CREATE TABLE IF NOT EXISTS "products" ("id" integer primary key autoincrement not null, "name" varchar not null, "slug" varchar not null, "short_description" varchar, "description" text, "regular_price" numeric not null, "sale_price" numeric, "SKU" varchar not null, "stock_status" varchar check ("stock_status" in ('instock', 'outofstock')) not null, "featured" tinyint(1) not null default '0', "quantity" integer not null default '10', "image" varchar not null, "images" text, "category_id" integer, "created_at" datetime, "updated_at" datetime, foreign key("category_id") references "categories"("id") on delete cascade);
INSERT INTO products VALUES(1,'MSI Stealth 16 Mercedes-AMG A13V I9 13TH RTX 4070','0001','MSI Stealth series x Mercedes-AMG Motorsport',replace(replace('BUILT TO PERFORM\r\n"One Man, One Engine" is the Mercedes-AMG motto for their tailored made engines crafted by a single Master Engine Builder and their meticulous workmanship. The cornerstone of the AMG experience paired with MSI cooling technology paves the road to success in gaming.\r\n\r\nLUXURIOUS TOUCH\r\nThe collaborative design seamlessly blends the subtle elegance of Mercedes-Benz with striking red accents that symbolize both the AMG performance and the spirited essence of MSI.\r\n\r\nPURSUING INNOVATION\r\nMSI and Mercedes-AMG are driven by performance, technology, and craftsmanship. Mercedes-AMG champions the concept of "Changing the Game," while MSI has consistently committed itself to groundbreaking innovations that enhance the gaming experience.\r\n\r\nAvailable Color : Selenite Gray\r\n\r\nMSI Stealth 16 Mercedes-AMG Motorsport A13V I9 13TH RTX 4070 OLED\r\nIntel® Core™ i9-13900H (24M Cache, up to 5.40Hz, 14 Cores 20 Threads)\r\n32GB DDR5 5200MHZ (16GB x 2 Removable)\r\n2TB M.2 GEN4 NVME SSD\r\n16" 16:10 UHD+ (3840 x 2400) OLED\r\nNVIDIA® GeForce RTX 4070 8GB GDDR6\r\nPer-Key RGB Gaming Keyboard by SteelSeries, Fingerprint Reader\r\n1.88 kg, 99.99WHrs\r\nMSI Stealth Trooper II Backpack\r\nFree MSI AMG Pouch, MSI AMG USB Driver, MSI AMG MOUSE & Mousepad\r\nCable Tie & Postcard\r\n2 Years warranty\r\nGeniune Windows 11 Home 64Bit Pre-installed\r\n\r\nRAM Upgrade to 64GB - 48,000\r\n\r\nStorage upgrades (Additional Slot Available)\r\nM.2 NVME Supported','\r',char(13)),'\n',char(10)),250000,NULL,'DIGI001','instock',1,125,'20240106135059.png',NULL,1,'2024-01-06 13:50:59','2024-01-06 13:50:59');
INSERT INTO products VALUES(2,'LENOVO Legion SLIM 5 16IRH8 i7 13th GEN RTX 4060','0002','LENOVO Legion SLIM 5 16IRH8 i7 13th GEN RTX 4060',replace(replace('13th Gen Intel® Core™ i7-13700H (24M Cache, up to 5 GHz, 14 cores: 6 P-cores and 8 E-cores)\r\n16GB DDR5 5200MHZ (8GB X 2)\r\n512GB GEN4 NVME M.2 SSD\r\n16" WQXGA (2560x1600) IPS 500nits 240HZ G-SYNC\r\nNVIDIA® GeForce RTX 4060 8GB GDDR6 (Boost Clock 2370MHz, TGP 125W)\r\n4-Zone RGB Backlit keyboard\r\n2.4 kg, 60 WHr\r\nFree Lenovo Backpack\r\n2 Years warranty\r\nGenuine Windows 11 Home 64Bit Pre-installed\r\n\r\nRam upgrade to 32GB - 26,000/=\r\n\r\nStorage upgrades (Additional Slot Available)\r\nM.2 NVME Supported','\r',char(13)),'\n',char(10)),499000,NULL,'DIGI112','instock',0,612,'20240106135355.png',NULL,1,'2024-01-06 13:53:55','2024-01-06 13:53:55');
INSERT INTO products VALUES(3,'Lenovo LOQ 15IRH8 i5 13th GEN + RTX 3050 6GB','0003','Lenovo LOQ 15IRH8 i5 13th GEN + RTX 3050 6GB',replace(replace('Intel® Core™ i5-13420H (12M Cache, up to 4.60 GHz)\r\n16GB DDR5 4800Mhz (8x2 4800Mhz)\r\n512GB SSD NVMe GEN4\r\n15.6 FHD (1920x1080) IPS 45% NTSC,144Hz, G-SYNC\r\nNVIDIA RTX™ 3050 6GB GDDR6, TGP 95W\r\nWhite backlit keyboard\r\n2.4 kg, 60 WHr\r\n2 Years warranty\r\nGenuine Windows 11 Home 64Bit Pre-installed\r\nFree Lenovo Backpack\r\n\r\nRam upgrade to 32GB - 26,000/=\r\n\r\nStorage upgrades (Additional Slot Available)\r\nM.2 NVME Supported','\r',char(13)),'\n',char(10)),327000,NULL,'DIGI222','instock',0,32,'20240106135531.png',NULL,1,'2024-01-06 13:55:31','2024-01-06 13:55:31');
INSERT INTO products VALUES(4,'MSI Pulse 15 B13VFK I7 13TH GEN RTX 4060','0004','MSI Pulse 15 B13VFK I7 13TH GEN RTX 4060',replace(replace('Intel® Core™ i7-13700H (24M Cache, up to 5.00 GHz)\r\n16GB DDR5 4800MHZ\r\n512GB M.2 NVME GEN4 SSD\r\n15.6" 1080P 144Hz 45% NTSC IPS Level\r\nNVIDIA® GeForce RTX 4060 8GB GDDR6\r\n4-Zone RGB Gaming Keyboard\r\n2.3 kg , 90WHrs\r\nMSI Essential Backpack\r\n2 Years warranty\r\nGeniune Windows 11 Home 64Bit Pre-installed\r\n\r\n\r\nRam upgrade to 32GB - 26,000/=\r\nRam upgrade to 64GB - 56,000/=','\r',char(13)),'\n',char(10)),549000,NULL,'DIGI003','instock',0,121,'20240106135704.png',NULL,1,'2024-01-06 13:57:04','2024-01-06 13:57:04');
INSERT INTO products VALUES(5,'MSI Cyborg 15 A12VE I5 12TH GEN RTX 4050 6GB','0005','MSI Cyborg 15 A12VE I5 12TH GEN RTX 4050 6GB',replace(replace('Intel® Core™ i5-12450H (12M Cache, up to 4.40Hz)\r\n16GB DDR5 4800MHZ (8GB x2 )\r\n512GB M.2 NVME GEN4 SSD\r\n15.6" 1080P 144Hz 45% NTSC IPS Level\r\nNVIDIA® GeForce RTX 4050 6GB GDDR6\r\nBlue Backlit keyboard\r\n1.98 kg , 53.5WHrs\r\nMSI Essential Backpack\r\n2 Years warranty\r\nGeniune Windows 11 Home 64Bit Pre-installed\r\n\r\nRam upgrade to 32GB - 27,000/=\r\nRam upgrade to 64GB - 64,000/=','\r',char(13)),'\n',char(10)),357000,NULL,'DIGI005','instock',0,65,'20240106135903.png',NULL,1,'2024-01-06 13:59:03','2024-01-06 13:59:03');
INSERT INTO products VALUES(6,'Intel Core i9 processor 14900K (36M Cache, up to 6.00 GHz)','0006','Not Sold Separately',replace(replace('3 Years Warranty\r\n\r\nTotal Cores\r\n24\r\n\r\n# of Performance-cores\r\n8\r\n\r\n# of Efficient-cores\r\n16\r\n\r\nTotal Threads\r\n32\r\n\r\nMax Turbo Frequency\r\n6 GHz\r\n\r\nIntel® Thermal Velocity Boost Frequency\r\n6 GHz\r\n\r\nIntel® Turbo Boost Max Technology 3.0 Frequency ‡\r\n5.8 GHz\r\n\r\nPerformance-core Max Turbo Frequency\r\n5.6 GHz\r\n\r\nEfficient-core Max Turbo Frequency\r\n4.4 GHz\r\n\r\nPerformance-core Base Frequency\r\n3.2 GHz\r\n\r\nEfficient-core Base Frequency\r\n2.4 GHz\r\n\r\nCache\r\n36 MB Intel® Smart Cache\r\n\r\nTotal L2 Cache\r\n32 MB\r\n\r\nProcessor Base Power\r\n125 W\r\n\r\nMaximum Turbo Power\r\n253 W\r\n\r\nSupplemental Information\r\nMarketing Status\r\nLaunched\r\n\r\nLaunch Date\r\nQ4''23\r\n\r\nEmbedded Options Available\r\nNo\r\n\r\nMemory Specifications\r\nMax Memory Size (dependent on memory type)\r\n192 GB\r\n\r\nMemory Types\r\nUp to DDR5 5600 MT/s\r\nUp to DDR4 3200 MT/s\r\n\r\nMax # of Memory Channels\r\n2\r\n\r\nMax Memory Bandwidth\r\n89.6 GB/s\r\n\r\nECC Memory Supported ‡\r\nYes\r\n\r\nGPU Specifications\r\nProcessor Graphics ‡\r\nIntel® UHD Graphics 770\r\n\r\nGraphics Base Frequency\r\n300 MHz\r\n\r\nGraphics Max Dynamic Frequency\r\n1.65 GHz\r\n\r\nGraphics Output\r\neDP 1.4b, DP 1.4a, HDMI 2.1\r\n\r\nExecution Units\r\n32\r\n\r\nMax Resolution (HDMI)‡\r\n4096 x 2160 @ 60Hz\r\n\r\nMax Resolution (DP)‡\r\n7680 x 4320 @ 60Hz\r\n\r\nMax Resolution (eDP - Integrated Flat Panel)‡\r\n5120 x 3200 @ 120Hz\r\n\r\nDirectX* Support\r\n12\r\n\r\nOpenGL* Support\r\n4.5\r\n\r\nOpenCL* Support\r\n3.0\r\n\r\nMulti-Format Codec Engines\r\n2\r\n\r\nIntel® Quick Sync Video\r\nYes\r\n\r\nIntel® Clear Video HD Technology\r\nYes\r\n\r\n# of Displays Supported ‡\r\n4\r\n\r\nDevice ID\r\n0xA780\r\n\r\nExpansion Options\r\nDirect Media Interface (DMI) Revision\r\n4.0\r\n\r\nMax # of DMI Lanes\r\n8\r\n\r\nScalability\r\n1S Only\r\n\r\nPCI Express Revision\r\n5.0 and 4.0\r\n\r\nPCI Express Configurations ‡\r\nUp to 1x16+4, 2x8+4\r\n\r\nMax # of PCI Express Lanes\r\n20\r\n\r\nPackage Specifications\r\nSockets Supported\r\nFCLGA1700\r\n\r\nMax CPU Configuration\r\n1\r\n\r\nThermal Solution Specification\r\nPCG 2020A\r\n\r\nTJUNCTION\r\n100°C\r\n\r\nPackage Size\r\n45.0 mm x 37.5 mm\r\n\r\nAdvanced Technologies\r\nIntel® Gaussian & Neural Accelerator\r\n3.0\r\n\r\nIntel® Thread Director\r\nYes\r\n\r\nIntel® Deep Learning Boost (Intel® DL Boost) on CPU\r\nYes\r\n\r\nIntel® Speed Shift Technology\r\nYes\r\n\r\nIntel® Adaptive Boost Technology\r\nYes\r\n\r\nIntel® Thermal Velocity Boost\r\nYes\r\n\r\nIntel® Turbo Boost Max Technology 3.0 ‡\r\nYes\r\n\r\nIntel® Turbo Boost Technology ‡\r\n2.0\r\n\r\nIntel® Hyper-Threading Technology ‡\r\nYes\r\n\r\nIntel® 64 ‡\r\nYes\r\n\r\nInstruction Set\r\n64-bit\r\n\r\nInstruction Set Extensions\r\nIntel® SSE4.1, Intel® SSE4.2, Intel® AVX2\r\n\r\nIdle States\r\nYes\r\n\r\nEnhanced Intel SpeedStep® Technology\r\nYes\r\n\r\nThermal Monitoring Technologies\r\nYes\r\n\r\nIntel® Volume Management Device (VMD)\r\nYes','\r',char(13)),'\n',char(10)),208000,NULL,'DIGI007','instock',0,36,'20240106140204.png',NULL,2,'2024-01-06 14:02:04','2024-01-06 14:02:04');
INSERT INTO products VALUES(7,'Intel Core i7 processor 14700K (33M Cache, up to 5.60 GHz)','0007','not sold separately',replace(replace('3 Years Warranty\r\n\r\nTotal Cores 20\r\n# of Performance-cores8\r\n# of Efficient-cores12\r\nTotal Threads 28\r\nMax Turbo Frequency 5.6 GHz\r\nIntel® Turbo Boost Max Technology 3.0 Frequency ‡ 5.6 GHz\r\nPerformance-core Max Turbo Frequency 5.5 GHz\r\nEfficient-core Max Turbo Frequency 4.3 GHz\r\nPerformance-core Base Frequency3.4 GHz\r\nEfficient-core Base Frequency2.5 GHz\r\nCache 33 MB Intel® Smart Cache\r\nTotal L2 Cache28 MB\r\nProcessor Base Power 125 W\r\nMaximum Turbo Power 253 W\r\nSupplemental Information\r\nMarketing StatusLaunched\r\nLaunch Date Q4''23\r\nEmbedded Options Available No\r\nMemory Specifications\r\nMax Memory Size (dependent on memory type) 192 GB\r\nMemory Types Up to DDR5 5600 MT/s\r\nUp to DDR4 3200 MT/s\r\nMax # of Memory Channels 2\r\nMax Memory Bandwidth 89.6 GB/s\r\nECC Memory Supported ‡ Yes\r\nGPU Specifications\r\nProcessor Graphics ‡ Intel® UHD Graphics 770\r\nGraphics Base Frequency 300 GHz\r\nGraphics Max Dynamic Frequency 1.6 GHz\r\nGraphics Output eDP 1.4b, DP 1.4a, HDMI 2.1\r\nExecution Units 32\r\nMax Resolution (HDMI)‡ 4096 x 2160 @ 60Hz\r\nMax Resolution (DP)‡ 7680 x 4320 @ 60Hz\r\nMax Resolution (eDP - Integrated Flat Panel)‡ 5120 x 3200 @ 120Hz\r\nDirectX* Support 12\r\nOpenGL* Support 4.5\r\nOpenCL* Support 3.0\r\nMulti-Format Codec Engines 2\r\nIntel® Quick Sync Video Yes\r\nIntel® Clear Video HD Technology Yes\r\n# of Displays Supported ‡4\r\nDevice ID0xA780\r\nExpansion Options\r\nDirect Media Interface (DMI) Revision4.0\r\nMax # of DMI Lanes8\r\nScalability1S Only\r\nPCI Express Revision 5.0 and 4.0\r\nPCI Express Configurations ‡ Up to 1x16+4, 2x8+4\r\nMax # of PCI Express Lanes 20\r\nPackage Specifications\r\nSockets Supported FCLGA1700\r\nMax CPU Configuration1\r\nThermal Solution Specification PCG 2020A\r\nTJUNCTION 100°C\r\nPackage Size45.0 mm x 37.5 mm\r\nAdvanced Technologies\r\nIntel® Gaussian & Neural Accelerator 3.0\r\nIntel® Thread Director Yes\r\nIntel® Deep Learning Boost (Intel® DL Boost) on CPU Yes\r\nIntel® Speed Shift Technology Yes\r\nIntel® Turbo Boost Max Technology 3.0 ‡ Yes\r\nIntel® Turbo Boost Technology ‡ 2.0\r\nIntel® Hyper-Threading Technology ‡ Yes\r\nIntel® 64 ‡ Yes\r\nInstruction Set 64-bit\r\nInstruction Set Extensions Intel® SSE4.1, Intel® SSE4.2, Intel® AVX2\r\nIdle States Yes\r\nEnhanced Intel SpeedStep® Technology Yes\r\nThermal Monitoring Technologies Yes\r\nIntel® Volume Management Device (VMD) Yes\r\nSecurity & Reliability\r\nIntel® Standard Manageability (ISM) ‡ Yes\r\nIntel® Control-Flow Enforcement Technology Yes\r\nIntel® AES New Instructions Yes\r\nSecure Key Yes\r\nIntel® OS GuardYes\r\nExecute Disable Bit ‡ Yes\r\nIntel® Boot Guard Yes\r\nMode-based Execute Control (MBEC) Yes\r\nIntel® Virtualization Technology (VT-x) ‡ Yes\r\nIntel® Virtualization Technology for Directed I/O (VT-d) ‡ Yes\r\nIntel® VT-x with Extended Page Tables (EPT) ‡ Yes','\r',char(13)),'\n',char(10)),152000,NULL,'DIGI056','instock',0,11,'20240106140347.png',NULL,2,'2024-01-06 14:03:47','2024-01-06 14:03:47');
INSERT INTO products VALUES(8,'AMD Ryzen 9 7950X (up to 5.7Ghz 16-cores 32-threads) 80M Cache','0008',replace(replace('AMD EXPO™ Technology\r\nAMD Ryzen™ Technologies','\r',char(13)),'\n',char(10)),replace(replace('3 Years Warranty\r\n\r\nGeneral Specifications\r\nPlatform\r\nDesktop\r\nProduct Family\r\nAMD Ryzen™ Processors\r\nProduct Line\r\nAMD Ryzen™ 9 Desktop Processors\r\n# of CPU Cores\r\n16\r\n# of Threads\r\n32\r\nMax. Boost Clock\r\nUp to 5.7GHz\r\nBase Clock\r\n4.5GHz\r\nL1 Cache\r\n1MB\r\nL2 Cache\r\n16MB\r\nL3 Cache\r\n64MB\r\nDefault TDP\r\n170W\r\nProcessor Technology for CPU Cores\r\nTSMC 5nm FinFET\r\nUnlocked for Overclocking\r\nYes\r\nCPU Socket\r\nAM5\r\nThermal Solution (PIB)\r\nNot included\r\nMax. Operating Temperature (Tjmax)\r\n95°C\r\nLaunch Date\r\n9/27/2022\r\n*OS Support\r\nWindows 11 - 64-Bit Edition\r\nWindows 10 - 64-Bit Edition\r\nRHEL x86 64-Bit\r\nUbuntu x86 64-Bit\r\n*Operating System (OS) support will vary by manufacturer.\r\nConnectivity\r\nSystem Memory Type\r\nDDR5\r\nMemory Channels\r\n2\r\nMax Memory Speed\r\n2x1R\r\nDDR5-5200\r\n\r\n2x2R\r\nDDR5-5200\r\n\r\n4x1R\r\nDDR5-3600\r\n\r\n4x2R\r\nDDR5-3600\r\n\r\nGraphics Capabilities\r\nGraphics Model\r\nAMD Radeon™ Graphics\r\nGraphics Core Count\r\n2\r\nGraphics Frequency\r\n2200 MHz\r\nGPU Base\r\n400 MHz\r\nProduct IDs\r\nProduct ID Boxed\r\n100-100000514WOF\r\nProduct ID Tray\r\n100-000000514\r\nKey Features\r\nSupported Technologies\r\nAMD EXPO™ Technology\r\nAMD Ryzen™ Technologies','\r',char(13)),'\n',char(10)),185000,NULL,'DIGI723','instock',0,45,'20240106140528.png',NULL,2,'2024-01-06 14:05:28','2024-01-06 14:05:28');
INSERT INTO products VALUES(9,'AMD Ryzen 5 7600X','0009','not sold separately',replace(replace('3 years Warranty\r\n\r\nof CPU Cores\r\n6\r\n# of Threads\r\n12\r\nMax. Boost Clock\r\nUp to 5.3GHz\r\nBase Clock\r\n4.7GHz\r\nL1 Cache\r\n384KB\r\nL2 Cache\r\n6MB\r\nL3 Cache\r\n32MB\r\nDefault TDP\r\n105W\r\nProcessor Technology for CPU Cores\r\nTSMC 5nm FinFET\r\nUnlocked for Overclocking\r\nYes\r\nCPU Socket\r\nAM5\r\nThermal Solution (PIB)\r\nNot included\r\nMax. Operating Temperature (Tjmax)\r\n95°C\r\nLaunch Date\r\n9/27/2022\r\n*OS Support\r\nWindows 11 - 64-Bit Edition\r\nWindows 10 - 64-Bit Edition\r\nRHEL x86 64-Bit\r\nUbuntu x86 64-Bit\r\n*Operating System (OS) support will vary by manufacturer.','\r',char(13)),'\n',char(10)),89000,NULL,'DIGI563','instock',1,66,'20240106140657.png',NULL,2,'2024-01-06 14:06:57','2024-01-06 14:06:57');
INSERT INTO products VALUES(10,'Intel Core i3-10100F Processor','0010','Intel® Turbo Boost Technology 2.0',replace(replace('3 years Warranty\r\n\r\n# of Cores\r\n4\r\n\r\n# of Threads\r\n8\r\n\r\nProcessor Base Frequency\r\n3.60 GHz\r\n\r\nMax Turbo Frequency\r\n4.30 GHz\r\n\r\nCache\r\n6 MB Intel® Smart Cache\r\n\r\nBus Speed\r\n8 GT/s\r\n\r\nIntel® Turbo Boost Technology 2.0 Frequency‡\r\n4.30 GHz\r\n\r\nTDP\r\n65 W\r\n\r\nSupplemental Information\r\nEmbedded Options Available\r\nNo\r\n\r\nDatasheet\r\nView now\r\n\r\nMemory Specifications\r\nMax Memory Size (dependent on memory type)\r\n128 GB\r\n\r\nMemory Types\r\nDDR4-2666\r\n\r\nMax # of Memory Channels\r\n2\r\n\r\nMax Memory Bandwidth\r\n41.6 GB/s\r\n\r\nECC Memory Supported ‡\r\nNo\r\n\r\nExpansion Options\r\nScalability\r\n1S Only\r\n\r\nPCI Express Revision\r\n3.0\r\n\r\nPCI Express Configurations ‡\r\nUp to 1x16, 2x8, 1x8+2x4\r\n\r\nMax # of PCI Express Lanes\r\n16\r\n\r\nPackage Specifications\r\nSockets Supported\r\nFCLGA1200\r\n\r\nMax CPU Configuration\r\n1\r\n\r\nThermal Solution Specification\r\nPCG 2015C\r\n\r\nTJUNCTION\r\n100°C\r\n\r\nPackage Size\r\n37.5mm x 37.5mm\r\n\r\nAdvanced Technologies\r\nIntel® Optane™ Memory Supported ‡\r\nYes\r\n\r\nIntel® Thermal Velocity Boost\r\nNo\r\n\r\nIntel® Turbo Boost Max Technology 3.0 ‡\r\nNo\r\n\r\nIntel® Turbo Boost Technology ‡\r\n2.0\r\n\r\nIntel vPro® Platform Eligibility ‡\r\nNo\r\n\r\nIntel® Hyper-Threading Technology ‡\r\nYes\r\n\r\nIntel® Virtualization Technology (VT-x) ‡\r\nYes\r\n\r\nIntel® Virtualization Technology for Directed I/O (VT-d) ‡\r\nYes\r\n\r\nIntel® VT-x with Extended Page Tables (EPT) ‡\r\nYes\r\n\r\nIntel® Transactional Synchronization Extensions\r\nNo\r\n\r\nIntel® 64 ‡\r\nYes\r\n\r\nInstruction Set\r\n64-bit\r\n\r\nInstruction Set Extensions\r\nIntel® SSE4.1, Intel® SSE4.2, Intel® AVX2\r\n\r\nIdle States\r\nYes\r\n\r\nEnhanced Intel SpeedStep® Technology\r\nYes\r\n\r\nThermal Monitoring Technologies\r\nYes\r\n\r\nIntel® Identity Protection Technology ‡\r\nYes\r\n\r\nIntel® Stable Image Platform Program (SIPP)\r\nNo\r\n\r\nSecurity & Reliability\r\nIntel® AES New Instructions\r\nYes\r\n\r\nSecure Key\r\nYes\r\n\r\nIntel® Software Guard Extensions (Intel® SGX)\r\nYes with Intel® ME\r\n\r\nIntel® OS Guard\r\nYes\r\n\r\nIntel® Trusted Execution Technology ‡\r\nNo\r\n\r\nExecute Disable Bit ‡\r\nYes\r\n\r\nIntel® Boot Guard\r\nYes','\r',char(13)),'\n',char(10)),29500,NULL,'DIGI553','instock',0,61,'20240106140928.png',NULL,2,'2024-01-06 14:09:28','2024-01-06 14:09:28');
INSERT INTO products VALUES(12,'ASUS ROG MAXIMUS Z790 DARK HERO','0012','3 years warranty',replace(replace('CPU\r\nIntel® Socket LGA1700 for Intel® Core™ 14th & 13th Gen Processors, Intel® Core™ 12th Gen, Pentium® Gold and Celeron® Processors\r\nSupports Intel® Turbo Boost Technology 2.0 and Intel® Turbo Boost Max Technology 3.0**\r\n* Refer to www.asus.com for CPU support list.\r\n** Intel® Turbo Boost Max Technology 3.0 support depends on the CPU types.\r\nChipset\r\nIntel® Z790 Chipset\r\nMemory\r\n4 x DIMM slots, max. 192GB, DDR5\r\n8000+(OC)/7800+(OC)/7600(OC)/7400(OC)/7200(OC)/7000(OC)/6800(OC)/6600(OC)/6400(OC)/6200(OC)/6000(OC)/5800(OC)/5600/5400/5200/5000/4800MHz Non-ECC, Un-buffered Memory*\r\nDual channel memory architecture\r\nSupports Intel® Extreme Memory Profile (XMP) memory module\r\nASUS Enhanced Memory Profile II (AEMP II)\r\nSupports DIMM Flex\r\n* Supported memory types, data rate (Speed), and number of DRAM modules vary depending on the CPU and memory configuration, for more information refer to www.asus.com for memory support list.\r\n* Non-ECC, un-buffered DDR5 memory supports On-Die ECC function.\r\nGraphics\r\n1 x HDMITM port**\r\n2 x Intel® Thunderbolt™ 4 ports (USB Type-C®) support DisplayPort and Thunderbolt™ video outputs***\r\n* Graphics specifications may vary between CPU types. Please refer to www.intel.com for any updates.\r\n** Support 4K@60Hz as specified in HDMI 2.1.\r\n*** VGA resolution support depends on processors'' or graphic cards'' resolution.\r\nExpansion Slots\r\nIntel® CoreTM Processors (14th & 13th & 12th Gen)*\r\n2 x PCIe 5.0 x16 slots (support x16 or x8/x8 modes)**\r\nIntel® Z790 Chipset\r\n1 x PCIe 4.0 x4 slot\r\n* Please check the PCIe bifurcation table on the support site (https://www.asus.com/support/FAQ/1037507/).\r\n** M.2_1 shares bandwidth with PCIEX16(G5)_2. When M.2_1 is enabled, PCIEX16(G5)_2 will be disabled and PCIEX16(G5)_1 will run x8 only.\r\n- To ensure compatibility of the device installed, please refer to https://www.asus.com/support/ for the list of supported peripherals.\r\nStorage\r\nTotal supports 5 x M.2 slots and 4 x SATA 6Gb/s ports*\r\nIntel® CoreTM Processors (14th & 13th & 12th Gen)\r\nM.2_1 slot (Key M), type 2242/2260/2280/22110 (supports PCIe 5.0 x4 mode.)**\r\nM.2_2 slot (Key M), type 2242/2260/2280 (supports PCIe 4.0 x4 mode.)\r\nIntel® Z790 Chipset**\r\nM.2_3 slot (Key M), type 2242/2260/2280 (supports PCIe 4.0 x4 mode)\r\nM.2_4 slot (Key M), type 2280 (supports PCIe 4.0 x4 mode)\r\nM.2_5 slot (Key M), type 2280 (supports PCIe 4.0 x4 mode)\r\n4 x SATA 6Gb/s ports\r\n* Intel® Rapid Storage Technology supports PCIe RAID 0/1/5/10, SATA RAID 0/1/5/10.\r\n** M.2_1 shares bandwidth with PCIEX16(G5)_2. When M.2_1 is enabled, PCIEX16(G5)_2 will be disabled and PCIEX16(G5)_1 will run x8 only.','\r',char(13)),'\n',char(10)),275000,NULL,'DIGI545','instock',0,65,'20240106141458.png',NULL,3,'2024-01-06 14:14:58','2024-01-06 14:14:58');
INSERT INTO products VALUES(13,'ASUS ROG STRIX Z790-F GAMING WIFI II','0011','3 Years Warranty',replace(replace('CPU\r\nIntel® Socket LGA1700 for Intel® Core™ 14th & 13th Gen Processors, Intel® Core™ 12th Gen, Pentium® Gold and Celeron® Processors\r\nSupports Intel® Turbo Boost Technology 2.0 and Intel® Turbo Boost Max Technology 3.0**\r\n* Refer to www.asus.com for CPU support list.\r\n** Intel® Turbo Boost Max Technology 3.0 support depends on the CPU types.\r\nChipset\r\nIntel® Z790 Chipset\r\nMemory\r\n4 x DIMM slots, Max. 192GB, DDR5\r\n8000+(OC)/7800(OC)/7600(OC)/7400(OC)/7200(OC)/7000(OC)/6800(OC)/6600(OC)/6400(OC)/ 6200(OC)/ 6000(OC)/ 5800(OC)/ 5600/ 5400/ 5200/ 5000/ 4800 Non-ECC, Un-buffered Memory*"\r\nDual Channel Memory Architecture\r\nSupports Intel® Extreme Memory Profile (XMP)\r\nOptiMem II\r\nASUS Enhanced Memory Profile II (AEMP II)\r\nSupports DIMM Flex\r\n* Supported memory types, data rate (speed), and number of DRAM modules vary depending on the CPU and memory configuration, for more information please refer to CPU/Memory Support list under the Support tab of product information site or visit https://www.asus.com/support/.\r\n* Non-ECC, un-buffered DDR5 memory supports On-Die ECC function.\r\nGraphics\r\n1 x DisplayPort**\r\n1 x HDMITM port***\r\n* Graphics specifications may vary between CPU types. Please refer to www.intel.com for any updates.\r\n** Supports max. 8K@60Hz as specified in DisplayPort 1.4.\r\n*** Supports 4K@60Hz as specified in HDMI 2.1.\r\n**** VGA resolution support depends on processors'' or graphic cards'' resolution.\r\nExpansion Slots\r\nIntel® CoreTM Processors (14th & 13th & 12th Gen)*\r\n1 x PCIe 5.0x16 slot (supports x16 mode)\r\nIntel® Z790 Chipset**\r\n1 x PCIe 4.0 x16 slot (supports x4 mode)\r\n1x PCIe 3.0 x1 slot\r\n* Please check the PCIe bifurcation table on the support site (https://www.asus.com/support/FAQ/1037507/).\r\n- To ensure compatibility of the device installed, please refer to https://www.asus.com/support/ for the list of supported peripherals.\r\nStorage\r\nTotal supports 5 x M.2 slots and 4 x SATA 6Gb/s ports*\r\nIntel® CoreTM Processors (14th & 13th & 12th Gen)\r\nM.2_1 slot (Key M), type 2242/2260/2280/22110 (supports PCIe 4.0 x4 mode)\r\nIntel® Z790 Chipset\r\nM.2_2 slot (Key M), type 2280 (supports PCIe 4.0 x4 mode)\r\nM.2_3 slot (Key M), type 2280 (supports PCIe 4.0 x4 mode)\r\nM.2_4 slot (Key M), type 2242/2260/2280/22110 (supports PCIe 4.0 x4 mode)\r\nM.2_5 slot (Key M), type 2242/2260/2280 (supports PCIe 4.0 x4 & SATA modes)\r\n4x SATA 6Gb/s ports\r\n* Intel® Rapid Storage Technology supports PCIe RAID 0/1/5/10, SATA RAID 0/1/5/10.\r\nEthernet\r\n1 x Intel® 2.5Gb Ethernet\r\nASUS LANGuard\r\nWireless & Bluetooth\r\nIntel® Wi-Fi 7*\r\n2x2 Wi-Fi 7 (802.11be)**\r\nSupports 2.4/5/6GHz frequency band***\r\nSupport Wi-Fi 7 160MHz bandwidth, up to 2.4Gbps transfer rate.\r\nBluetooth® v5.4****\r\n* Compatible with Windows 11 or later.\r\n** Wi-Fi 7 MLO(Multi-link Operation) full functions support will be ready in Windows 11 2024 Platform (Windows 11 24H2) or later.\r\n*** Wi-Fi 6GHz frequency band and bandwidth regulatory may vary between countries.\r\n**** The Bluetooth version may vary, please refer to the Wi-Fi module manufacturer''s website for the latest specifications.\r\nUSB\r\nRear USB (Total 14 ports)\r\n1 x USB 20Gbps port (1 x USB Type-C®)\r\n3 x USB 10Gbps ports (2 x Type-A + 1 x USB Type-C®)\r\n4 x USB 5Gbps ports (4 x Type-A)\r\n6x USB 2.0 ports (6 x Type-A)\r\nFront USB (Total 7 ports)\r\n1 x USB 20Gbps connector (supports USB Type-C® with up to 30W PD Fast-charge* )\r\n1 x USB 5Gbps header supports 2 additional USB 5G ports\r\n2 x USB 2.0 headers support 4 additional USB 2.0 ports\r\n*USB Type-C® power delivery output: max. 5V/3A\r\n*USB Type-C® power delivery output: 5V/9V max. 3A, 12V max 2.5A\r\nAudio\r\nROG SupremeFX 5.1 Surround Sound High Definition Audio CODEC ALC4080*\r\n- Impedance sense for front and rear headphone outputs\r\n- Supports: Jack-detection, Multi-streaming, Front and Rear Panel MIC Jack-retasking\r\n- High quality 120 dB SNR stereo playback output and 110 dB SNR recording input\r\n- Supports up to 32-Bit/384 kHz playback on front panel\r\nAudio Features\r\n- SupremeFX Shielding Technology\r\n- Savitech SV3H712 AMP\r\n- Gold-plated audio jacks\r\n- Rear optical S/PDIF out port\r\n- Premium audio capacitors\r\n- Audio cover\r\n**The LINE OUT port on the rear I/O does not support spatial audio. If you wish to use spatial audio, make sure to connect your audio output device to the audio jack on the front panel of your chassis or use an USB interface audio device.','\r',char(13)),'\n',char(10)),185000,NULL,'DIGI544','instock',0,56,'20240106141659.png',NULL,3,'2024-01-06 14:16:59','2024-01-06 14:16:59');
INSERT INTO products VALUES(14,'ASUS PRIME H510M-E','0013','3 Years Warranty',replace(replace('Intel® LGA 1200 socket: Ready for 11th and 10th Gen Intel® Processors\r\nUltrafast connectivity: PCIe 4.0, 32Gbps M.2 slot, Intel® 1 Gb Ethernet and USB 3.2 Gen 1 Type-A\r\nComprehensive cooling: PCH heatsink and Fan Xpert\r\n5X Protection III: Multiple hardware safeguards for all-round protection\r\n\r\nModel\r\nPRIME H510M-E\r\nCPU\r\nIntel® Socket LGA1200 for 11th Gen Intel® Core™ Processors & 10th Gen Intel® Core™, Pentium® Gold and Celeron® Processors*\r\n\r\nSupports Intel® 14 nm CPU\r\n\r\nSupports Intel® Turbo Boost Technology 2.0 and Intel® Turbo Boost Max Technology 3.0**\r\n\r\n* Refer to www.asus.com for CPU support list.\r\n\r\n** Intel® Turbo Boost Max Technology 3.0 support depends on the CPU types.\r\nChipset\r\nIntel® H510 Chipset\r\n\r\nMemory\r\n2 x DIMM, Max. 64GB, DDR4 3200(OC)/2933/2800/2666/2400/2133 MHz Non-ECC, Un-buffered Memory*\r\n\r\nDual Channel Memory Architecture\r\n\r\nSupports Intel® Extreme Memory Profile (XMP)\r\n\r\n* 10th Gen Intel® Core™ i7/i9 processors support 2933/2800/2666/2400/2133 natively, others will run at the maximum transfer rate of DDR4 2666MHz.\r\n\r\n* 11th Gen Intel® processors support 2933/2800/2666/2400/2133 natively.\r\n\r\n* Refer to www.asus.com for the Memory QVL (Qualified Vendors Lists), and memory frequency support depends on the CPU types.\r\nGraphics\r\n1 x DisplayPort 1.4**\r\n\r\n1 x D-Sub\r\n\r\n1 x HDMITM 2.0***\r\n\r\n* Graphics specifications may vary between CPU types.\r\n\r\n** Intel® 11th & 10th Gen processors support DisplayPort 1.4 with max. resolution of 4096 x 2304 @60Hz. Please refer to www.intel.com for any update.\r\n\r\n*** Only Intel® 11th Gen processors support HDMI™ 2.0 with max. resolution of 4K@60Hz, others will only support HDMI™ 1.4 with max. resolution of 4K@30Hz. Please refer to www.intel.com for any updates.\r\nExpansion Slots\r\nIntel® 11th & 10th Gen Processors\r\n\r\n1 x PCIe 4.0/3.0 x16 slot\r\n\r\n- Intel® 11th Gen processors support PCIe 4.0 x16\r\n\r\n- Intel® 10th Gen processors support PCIe 3.0 x16\r\n\r\nIntel® H510 Chipset\r\n\r\n2 x PCIe 3.0 x1 slots\r\nStorage\r\nTotal supports 1 x M.2 slot and 4 x SATA 6Gb/s ports\r\n\r\nIntel® H510 Chipset\r\n\r\nM.2 slot (Key M), type 2242/2260/2280 (supports PCIe 3.0 x4 & SATA modes)\r\n\r\n4 x SATA 6Gb/s ports\r\n\r\n* The M.2 slot shares bandwidth with SATA6G_2. When a device in SATA mode is installed on the M.2 slot, SATA6G_2 port cannot be used.\r\nEthernet\r\n1 x Intel® I219-V 1Gb Ethernet\r\nUSB\r\nRear USB (Total 4 ports)\r\n\r\n2 x USB 3.2 Gen 1 ports (2 x Type-A)\r\n\r\n2 x USB 2.0 ports (2 x Type-A)\r\n\r\nFront USB (Total 6 ports)\r\n\r\n1 x USB 3.2 Gen 1 header supports additional 2 USB 3.2 Gen 1 ports\r\n\r\n2 x USB 2.0 headers support additional 4 USB 2.0 ports\r\nAudio\r\nRealtek ALC897/887 7.1 Surround Sound High Definition Audio CODEC*\r\n\r\n- Supports: Jack-detection, Multi-streaming, Front Panel Jack-retasking\r\n\r\n- Supports up to 24-Bit/192 kHz playback\r\n\r\nAudio Features\r\n\r\n- Audio Shielding\r\n\r\n- Premium Japanese audio capacitors\r\n\r\n- Dedicated audio PCB layers\r\n\r\n* A chassis with an HD audio module in the front panel is required to support 7.1 Surround Sound audio output.\r\nBack Panel I/O Ports\r\n2 x USB 3.2 Gen 1 ports (2 x Type-A)\r\n\r\n2 x USB 2.0 ports (2 x Type-A)\r\n\r\n1 x DisplayPort\r\n\r\n1 x D-Sub port\r\n\r\n1 x HDMI™ port\r\n\r\n1 x Intel® I219-V 1Gb Ethernet port\r\n\r\n3 x Audio jacks\r\n\r\n1 x PS/2 Keyboard (purple) port\r\n\r\n1 x PS/2 Mouse (green) port\r\nInternal I/O Connectors\r\nFan and Cooling related\r\n\r\n1 x 4-pin CPU Fan header\r\n\r\n1 x 4-pin Chassis Fan header\r\n\r\nPower related\r\n\r\n1 x 24-pin Main Power connector\r\n\r\n1 x 8-pin +12V Power connector\r\n\r\nStorage related\r\n\r\n1 x M.2 slot (Key M)\r\n\r\n4 x SATA 6Gb/s ports\r\n\r\nUSB\r\n\r\n1 x USB 3.2 Gen 1 header supports additional 2 USB 3.2 Gen 1 ports\r\n\r\n2 x USB 2.0 headers support additional 4 USB 2.0 ports\r\n\r\nMiscellaneous\r\n\r\n1 x RGB header\r\n\r\n1 x Clear CMOS header\r\n\r\n1 x COM Port header\r\n\r\n1 x Front Panel Audio header (AAFP)\r\n\r\n1 x S/PDIF Out header\r\n\r\n1 x Speaker header\r\n\r\n1 x SPI TPM header (14-1pin)\r\n\r\n1 x 10-1 pin System Panel header\r\nSpecial Features\r\nASUS 5X PROTECTION III\r\n\r\n- DIGI+ VRM\r\n\r\n- LANGuard\r\n\r\n- Overvoltage Protection\r\n\r\n- SafeSlot Core\r\n\r\n- Stainless-Steel Back I/O\r\n\r\nASUS Q-Design\r\n\r\n- Q-DIMM\r\n\r\n- Q-Slot\r\n\r\nASUS Thermal Solution\r\n\r\n- Aluminum heatsink design\r\n\r\nASUS Lighting Control\r\n\r\n- RGB header\r\nSoftware Features\r\nASUS Exclusive Software\r\n\r\nArmoury Crate\r\n\r\nAI Suite 3\r\n\r\n- Performance And Power Saving Utility\r\n\r\nTurboV EVO\r\n\r\nEPU\r\n\r\nDIGI+ VRM\r\n\r\nFan Xpert\r\n\r\n- EZ update\r\n\r\nASUS CPU-Z\r\n\r\nAI Charger\r\n\r\nDAEMON Tools\r\n\r\nNorton Anti-virus software (Free Trial version)\r\n\r\nWinRAR\r\n\r\nUEFI BIOS\r\n\r\nASUS EZ DIY\r\n\r\n- ASUS CrashFree BIOS 3\r\n\r\n- ASUS EZ Flash 3\r\n\r\n- ASUS UEFI BIOS EZ Mode\r\nBIOS\r\n128 Mb Flash ROM, UEFI AMI BIOS\r\nManageability\r\nWOL by PME, PXE\r\nAccessories\r\nCables\r\n\r\n2 x SATA 6Gb/s cables\r\n\r\nMiscellaneous\r\n\r\n1 x I/O Shield\r\n\r\n1 x M.2 SSD screw package\r\n\r\nInstallation Media\r\n\r\n1 x Support DVD\r\n\r\nDocumentation\r\n\r\n1 x User manual\r\nOperating System\r\nWindows® 11 64-bit, Windows® 10 64-bit\r\nForm Factor\r\nmATX Form Factor\r\n8.9 inch x 8.3 inch ( 22.6 cm x 21.1 cm )','\r',char(13)),'\n',char(10)),29500,NULL,'DIGI533','instock',1,36,'20240106141837.png',NULL,3,'2024-01-06 14:18:37','2024-01-06 14:18:37');
INSERT INTO products VALUES(15,'ASUS ROG Matrix Platinum GeForce RTX 4090 24GB GDDR6X','0014','The ROG Matrix GeForce RTX™ 4090 delivers absolute pinnacle performance while maintaining quiet thermal operation, via liquid metal thermal compound on the GPU die, a premium 360 mm AIO cooler and a stunning hollow metal frame design.',replace(replace('The Ultimate Platform for Gamers and Creators\r\n\r\nPowered by GeForce RTX 40 Series and DLSS 3\r\nNVIDIA chipset icon\r\nNew Streaming Multiprocessors\r\nUp to 2x performance and power efficiency\r\n\r\nFourth-Gen Tensor Cores\r\nUp to 4x performance with DLSS 3\r\nvs. brute-force rendering\r\n\r\nThird-Gen RT Cores\r\nUp to 2x ray tracing performance\r\n\r\n\r\n\r\n\r\nROG Matrix Platinum GeForce RTX™ 4090 24GB GDDR6X\r\n\r\nGraphic Engine\r\nNVIDIA® GeForce RTX™ 4090\r\nBus Standard\r\nPCI Express 4.0\r\nOpenGL\r\nOpenGL®4.6\r\nVideo Memory\r\n24GB GDDR6X\r\nEngine Clock\r\nOC Mode: 2700 MHz\r\nDefault Mode: 2670 MHz\r\nCUDA Core\r\n16384\r\nMemory Speed\r\n21 Gbps\r\nMemory Interface\r\n384-bit\r\nResolution\r\nDigital Max Resolution 7680 x 4320\r\nInterface\r\nYes x 2 (Native HDMI 2.1a)\r\nYes x 3 (Native DisplayPort 1.4a)\r\nHDCP Support Yes (2.3)\r\nMaximum Display Support\r\n4\r\nNVlink/ Crossfire Support\r\nNo\r\nAccessories\r\n1 x Collection Card\r\n1 x Adapter Cable (1 to 4)\r\n1 x Speedsetup Manual\r\n1 x ROG Velcro Hook & Loop\r\n1 x ROG MATRIX NFT Register procedure\r\n1 x Thank you Card\r\nSoftware\r\nASUS GPU Tweak III & GeForce Game Ready Driver & Studio Driver: please download all software from the support site.\r\nDimensions\r\nCard: 286.5 x 148.3 x 24.5mm\r\nRadiator: 400 x 120 x 65mm\r\nRecommended PSU\r\n1000W\r\nPower Connectors\r\n1 x 16-pin\r\nSlot\r\n2.5 Slot\r\nAURA SYNC\r\nARGB\r\nNote\r\n* Our wattage recommendation is based on a fully overclocked GPU and CPU system configuration. For a more tailored suggestion, please use the “Choose By Wattage” feature on our PSU product page: https://rog.asus.com/event/PSU/ASUS-Power-Supply-Units/index.html','\r',char(13)),'\n',char(10)),390000,NULL,'DIGI169','instock',1,1,'20240106142052.png',NULL,4,'2024-01-06 14:20:52','2024-01-06 14:20:52');
INSERT INTO products VALUES(16,'ASUS STRIX GAMING GeForce RTX 4090 24GB GDDR6X','0015','3 Years Warranty',replace(replace('NVIDIA Ada Lovelace Streaming Multiprocessors: Up to 2x performance and power efficiency\r\n4th Generation Tensor Cores: Up to 2X AI performance\r\n3rd Generation RT Cores: Up to 2X ray tracing performance\r\nAxial-tech fans scaled up for 23% more airflow\r\nNew patented vapor chamber with milled heatspreader for lower GPU temps\r\n3.5-slot design: massive fin array optimized for airflow from the three Axial-tech fans\r\nDiecast shroud, frame, and backplate add rigidity and are vented to further maximize airflow and heat dissipation\r\nDigital power control with high-current power stages and 15K capacitors to fuel maximum performance\r\nAuto-Extreme precision automated manufacturing for higher reliability\r\nGPU Tweak III software provides intuitive performance tweaking, thermal controls, and system monitoring\r\n\r\nGraphic Engine\r\nNVIDIA® GeForce RTX® 4090\r\nBus Standard\r\nPCI Express 4.0\r\nOpenGL\r\nOpenGL®4.6\r\nVideo Memory\r\n24GB GDDR6X\r\nEngine Clock\r\nOC mode: 2640 MHz\r\nGaming mode: 2610 MHz (Boost Clock)\r\nCUDA Core\r\n16384\r\nMemory Speed\r\n21 Gbps\r\nMemory Interface\r\n384-bit\r\nResolution\r\nDigital Max Resolution 7680 x 4320\r\nInterface\r\nYes x 2 (Native HDMI 2.1a)\r\nYes x 3 (Native DisplayPort 1.4a)\r\nHDCP Support Yes (2.3)','\r',char(13)),'\n',char(10)),769000,NULL,'DIGI536','instock',0,132,'20240106142225.png',NULL,4,'2024-01-06 14:22:25','2024-01-06 14:22:25');
INSERT INTO products VALUES(17,'ASUS ROG Strix Graphics Card Holder','0016',replace(replace('The ROG Strix Graphics Card Holder eliminates sag from even the most powerful graphics cards and offers easy installation.\r\nEasily adjustable platform supports a wide variety of graphics cards.','\r',char(13)),'\n',char(10)),replace(replace('Aura Sync compatible ARGB lighting shines brightly through a laser-etched ROG logo design.\r\n\r\nCompatibility\r\nSupport all ATX Chassis\r\nGPU length above 18cm & height under 8cm\r\nLoading Capacity\r\n15 KG\r\nRGB Connector\r\nAura Sync (3-pin Addressable RGB Lighting)\r\nDimension\r\n330 x 50 x 23 mm\r\nWeight\r\n0.228 KG\r\n0.484 KG (with packing)\r\nAURA SYNC\r\nARGB','\r',char(13)),'\n',char(10)),17000,NULL,'DIGI936','instock',0,361,'20240106142352.png',NULL,4,'2024-01-06 14:23:52','2024-01-06 14:23:52');
INSERT INTO products VALUES(18,'ASUS Dual GeForce RTX 3050 V2 OC Edition 8GB GDDR6','0017','3 years Warranty',replace(replace('NVIDIA Ampere Streaming Multiprocessors: The all-new Ampere SM brings 2X the FP32 throughput and improved power efficiency.\r\n2nd Generation RT Cores: Experience 2X the throughput of 1st gen RT Cores, plus concurrent RT and shading for a whole new level of ray-tracing performance.\r\n3rd Generation Tensor Cores: Get up to 2X the throughput with structural sparsity and advanced AI algorithms such as DLSS. These cores deliver a massive boost in game performance and all-new AI capabilities.\r\nOC mode: Boost clock 1852 MHz (OC mode)/ 1822 MHz (Gaming mode)\r\nAxial-tech fan design features a smaller fan hub that facilitates longer blades and a barrier ring that increases downward air pressure.\r\nA 2-slot Design maximizes compatibility and cooling efficiency for superior performance in small chassis.\r\n0dB Technology lets you enjoy light gaming in relative silence.\r\nGPU Tweak III provides intuitive performance tweaking, thermal controls, and system monitoring.\r\n\r\nModel\r\nASUS Dual GeForce RTX™ 3050 V2 OC Edition 8GB GDDR6\r\nGraphic Engine\r\nNVIDIA® GeForce RTX™ 3050\r\nBus Standard\r\nPCI Express 4.0\r\nOpenGL\r\nOpenGL®4.6\r\nVideo Memory\r\n8GB GDDR6\r\nEngine Clock\r\nOC mode : 1852 MHz (Boost Clock)\r\nDefault mode : 1822 MHz (Boost Clock)\r\nOC mode : 1852 MHz (Boost Clock)\r\nGaming mode : 1822 MHz (Boost Clock)\r\nCUDA Core\r\n2560\r\nMemory Speed\r\n14 Gbps\r\nMemory Interface\r\n128-bit\r\nResolution\r\nDigital Max Resolution 7680 x 4320\r\nInterface\r\nYes x 1 (Native DVI-D)\r\nYes x 1 (Native HDMI 2.1)\r\nYes x 1 (Native DisplayPort 1.4a)\r\nHDCP Support Yes (2.3)\r\nMaximum Display Support\r\n3\r\nNVlink/ Crossfire Support\r\nNo\r\nAccessories\r\n1 x Collection card ​\r\n1 x Speedsetup Manual​\r\nSoftware\r\nASUS GPU Tweak III & GeForce Game Ready Driver & Studio Driver: please download all software from the support site.\r\nDimensions\r\n200 x 123 x 38 mm\r\n7.87 x 4.84 x 1.50 inches\r\nRecommended PSU\r\n550W\r\nPower Connectors\r\n1 x 6-pin\r\nSlot\r\n2 Slot','\r',char(13)),'\n',char(10)),102500,NULL,'DIGI696','instock',0,111,'20240106142629.png',NULL,4,'2024-01-06 14:26:29','2024-01-06 14:26:29');
INSERT INTO products VALUES(19,'ZOTAC GAMING RTX 4060 Ti 8GB Twin Edge','0018','3 Years Warranty',replace(replace('The ZOTAC GAMING GeForce RTX 4060 Ti 8GB Twin Edge is a compact and powerful graphics card, featuring the NVIDIA Ada Lovelace architecture and an aerodynamic-inspired design. With a reduced 2.2 slot size, it''s an excellent choice for those who want to build a SFF gaming PC capable of smooth framerate and performance in the latest title releases.\r\n\r\nGPUGeForce RTX 4060 Ti\r\nCUDA cores4352\r\nVideo Memory8GB GDDR6\r\nMemory Bus128-bit\r\nEngine ClockBoost: 2535MHz\r\nMemory Clock18 Gbps\r\nPCI Express4.0 x8\r\nDisplay Outputs3 x DisplayPort 1.4a (up to 7680x4320@60Hz)\r\n1 x HDMI® Connector*\r\n*Supports 4K 120Hz HDR, 8K 60Hz HDR, and Variable Refresh Rate as specified in the HDMI 2.1a Specification\r\nHDCP Support2.3\r\nMulti Display CapabilityQuad Display\r\nRecommended Power Supply500W\r\nPower Consumption160W\r\nPower Input1 x 8-pin PCIe\r\nDirectX12 Ultimate\r\nOpenGL4.6\r\nCoolingIceStorm 2.0\r\nSlot Size2.2 slot\r\nSLIN/A\r\nSupported OSWindows 11 / 10 (64-bit, v1809 November 2018 or later)\r\nCard Length225.5mm x 123.2mm x 40.1mm / 8.9" x 4.9" x 1.6"','\r',char(13)),'\n',char(10)),169000,NULL,'DIGI556','instock',0,56,'20240106142743.png',NULL,4,'2024-01-06 14:27:43','2024-01-06 14:27:43');
INSERT INTO products VALUES(20,'CORSAIR VENGEANCE 32GB (2x16GB) DDR5 5200MHz Kit','0019','CORSAIR VENGEANCE DDR5, optimized for Intel® motherboards, delivers higher frequencies and greater capacities of DDR5 technology in a high-quality, compact module that suits your system.',replace(replace('Fan Included No\r\nMemory Series VENGEANCE DDR5\r\nMemory Type DDR5\r\nPMIC Type Overclock PMIC\r\nMemory Size 32GB (2 x 16GB)\r\nTested Latency 38-38-38-84\r\nTested Voltage 1.25\r\nTested Speed 5200\r\n\r\nMemory Color BLACK\r\nSPD Latency 40-40-40-77\r\nSPD Speed 4800MHz\r\nSPD Voltage 1.1V\r\nSpeed Rating PC5-41600 (DDR5-5200)\r\nCompatibility Intel 600 Series\r\nHeat Spreader Aluminum\r\nPackage Memory Format DIMM\r\nPerformance Profile XMP 3.0\r\nPackage Memory Pin 288','\r',char(13)),'\n',char(10)),40000,NULL,'DIGI788','instock',0,111,'20240106142922.png',NULL,5,'2024-01-06 14:29:22','2024-01-06 14:29:22');
INSERT INTO products VALUES(21,'G.Skill Ripjaws S5 16GB 5600Mhz','0020','3 Years Warranty',replace(replace('Memory Type DDR5\r\nCapacity 16GB (16GBx1)\r\nMulti-Channel Kit Single Channel Kit\r\nTested Speed (XMP) 5600 MT/s\r\nTested Latency (XMP) 36-36-36-89\r\nTested Voltage (XMP) 1.20V\r\nRegistered/Unbuffered Unbuffered\r\nError Checking Non-ECC\r\nSPD Voltage (Default) 1.10V\r\nFan Included No\r\nFeatures Intel XMP 3.0 (Extreme Memory Profile) Ready','\r',char(13)),'\n',char(10)),22000,NULL,'DIGI633','instock',0,52,'20240106143238.png',NULL,5,'2024-01-06 14:32:38','2024-01-06 14:32:38');
INSERT INTO products VALUES(22,'Adata 8GB DDR4 3200MHZ Laptop RAM','0021','popular product category',replace(replace('2 Years Warranty\r\n\r\n\r\nMemory Type\r\nDDR4\r\n\r\nForm Factor\r\nSO-DIMM\r\n\r\nCapacity\r\n8GB\r\n\r\nSpeeds\r\n3200MHz\r\n\r\nOperating Voltage\r\nDDR4 STD 1.2V\r\n\r\nOperating temperature\r\n0°C to 85°C','\r',char(13)),'\n',char(10)),8500,NULL,'DIGI323','instock',0,244,'20240106144132.png',NULL,5,'2024-01-06 14:41:32','2024-01-06 14:41:32');
INSERT INTO products VALUES(23,'Addlink Spider X4 32GB (16X2) DDR4 3200Mhz RGB Gaming Memory','0022','3 Years Warranty',replace(replace('Plug and use. No need for additional power cable required and easily to synchronize with ASUS Aura, Gigabyte RGB Fusion, MSI Mystic Light and ASRock Polychrome Sync integration software.\r\n\r\nUsers can manage and change lighting effects according to their personal preferences to crates a unique lighting effects to their brilliant RGB system. For more details, please visit ASUS, GIGABYTE, MSI and ASRock official websites.\r\n\r\nSpider X4 is designed with a 37mm module height compatible with the most PC and smaller form factor chassis.\r\n\r\nSpider X4 Supports Intel XMP 2.0. One-setting and overclocking. Simple setting pre-defined profile in BIOS to enhance the best performance built into PCs. The memory is ready for AMD Ryzen and compatible with both Intel and AMD series platforms.','\r',char(13)),'\n',char(10)),34500,NULL,'DIGI199','instock',0,96,'20240106144308.png',NULL,5,'2024-01-06 14:43:08','2024-01-06 14:43:08');
INSERT INTO products VALUES(24,'CORSAIR VENGEANCE RGB RS 16GB DDR4 3200MHZ','0023','3 Years Warranty',replace(replace('Fan Included No\r\nMemory Series VENGEANCE RGB RS\r\nMemory Type DDR4\r\nMemory Size 16GB (1 x 16GB)\r\nTested Latency 16-20-20-38\r\nTested Voltage 1.35\r\nTested Speed 3200\r\n\r\nMemory Color BLACK\r\nLED Lighting RGB\r\nSingle Zone / Multi-Zone Lighting Dynamic Multi-Zone\r\nSPD Latency 15-15-15-36\r\nSPD Speed 2133MHz\r\nSPD Voltage 1.2V\r\nSpeed Rating PC4-25600 (3200MHz)\r\nCompatibility Intel 300Series,Intel 400 Series,Intel 500 Series,Intel 600 Series,AMD 300 Series,AMD 400 Series,AMD 500 Series\r\nHeat Spreader Anodized Aluminum\r\nPackage Memory Format DIMM\r\nPerformance Profile XMP 2.0\r\nPackage Memory Pin 288','\r',char(13)),'\n',char(10)),15500,NULL,'DIGI202','instock',0,56,'20240106144527.png',NULL,5,'2024-01-06 14:45:27','2024-01-06 14:45:27');
INSERT INTO products VALUES(25,'ASUS ROG RYUJIN III 360 ARGB White Edition','0024','3 Years Warranty',replace(replace('COOLER THAN COOL\r\nGo cooler than cool with the Ryujin III White Edition. Its pristine frame houses an expansive 3.5-inch LCD screen that displays live system stats, animated GIFs, or even your own custom artwork. Underneath, a new 8th Gen Asetek pump quietly keeps the latest processors from Intel and AMD cool, while an embedded Axial-tech fan helps control motherboard VRM temps. And the coolant within flows through 400mm of reinforced tubing and a higher capacity radiator chilled by three magnetic ROG 120 mm ARGB fans, making installation and customization a snap.\r\n\r\nMagnetic Daisy-Chainable Fans\r\nThe customizable ARGB fans snap together with a magnetic connector that links the fans and transmits control signals and power. Only one cable is required for all three fans, making installation and cable management a breeze.\r\n\r\nROG RYUJIN III 360 ARGB White Edition\r\n\r\nWater Block\r\nWater block dimention:\r\n89 x 91 x 101 mm\r\nBlock Material (CPU Plate):\r\nCopper\r\nEmbedded FAN:\r\nYES\r\n- Speed:\r\n5100 RPM +/- 10%\r\n- Air Pressure:\r\n5.53 mmH2O\r\n- Air Flow:\r\n21.08 CFM\r\nPump\r\nPump Solution:\r\n8th gen Asetek pump\r\nMotor Speed:\r\n800 - 3600 +/- 10% RPM\r\nRadiator\r\nRadiator Dimension:\r\n399.5 x 120 x 30 mm\r\nRadiator Material:\r\nAluminum\r\nTube:\r\nSleeved Rubber tube\r\nTube Length:\r\n400 mm\r\nFan\r\nFan:\r\nROG Magnetic Daisy-chainable Fan\r\n- Size:\r\n3 x Fan Slots (120mm)\r\n- Dimension:\r\n120 x 120 x 25 mm\r\n- Speed:\r\n600 - 2200 RPM +/- 10%\r\n- Static Pressure:\r\n3.88 mmH2O\r\n- Air Flow:\r\n70.07 CFM\r\n- Noise:\r\n36.45 dB(A)\r\n- Control Mode:\r\nPWM/ DC\r\nSpecial Features\r\nDisplay:\r\n3.5" Full Color LCD\r\nCompatibility\r\nIntel: LGA 1700, 1200, 115x\r\nAMD: AM5,AM4\r\nPackage Content\r\n1 x CPU Liquid Cooler (pre-applied thermal compound)\r\n3 x 120 mm ARGB Radiator Fan\r\n1 x Male cable for Daisy-chainable Fan\r\n1 x Female cable for Daisy-chainable Fan\r\n1 x Accessory Pack of Screws and Brackets\r\n1 x Quick Start Guide\r\n1 x ROG Sticker\r\n1 x ROG cable organizer\r\n1 x ROG VIP card\r\nNote\r\nROG RYUJIN Series','\r',char(13)),'\n',char(10)),139000,NULL,'DIGI986','instock',0,66,'20240106144937.png',NULL,6,'2024-01-06 14:49:37','2024-01-06 14:49:37');
INSERT INTO products VALUES(26,'ASUS ROG RYUJIN III 360 ARGB','0025','3 Years Warranty',replace(replace('COOLER THAN COOL\r\nGo cooler than cool with the Ryujin III. An expansive 3.5-inch LCD screen displays live system stats, animated GIFs, or even your own custom artwork. Underneath, a new 8th Gen Asetek pump quietly, paired with larger coolant tubes, keeps the latest processors from Intel and AMD cool, while an embedded Axial-tech fan helps control motherboard VRM temps. And the coolant within flows through a higher capacity radiator graced with three ROG 120 mm ARGB fans that utilize magnets to make installation a snap.\r\n\r\nMagnetic Daisy-Chainable Fans\r\nThe customizable ARGB fans snap together with a magnetic connector that links the fans and transmits control signals and power. Only one cable is required for all three fans, making installation and cable management a breeze.\r\n\r\nROG RYUJIN III 360 ARGB\r\n\r\nWater Block\r\nWater block dimention:\r\n89 x 91 x 101 mm\r\nBlock Material (CPU Plate):\r\nCopper\r\nEmbedded FAN:\r\nYES\r\n- Speed:\r\n5100 RPM +/- 10%\r\n- Air Pressure:\r\n5.53 mmH2O\r\n- Air Flow:\r\n21.08 CFM\r\nPump\r\nPump Solution:\r\n8th gen Asetek pump\r\nMotor Speed:\r\n800 - 3600 +/- 10% RPM\r\nRadiator\r\nRadiator Dimension:\r\n399.5 x 120 x 30 mm\r\nRadiator Material:\r\nAluminum\r\nTube:\r\nSleeved Rubber tube\r\nTube Length:\r\n400 mm\r\nFan\r\nFan:\r\nROG Magnetic Daisy-chainable Fan\r\n- Size:\r\n3 x Fan Slots (120mm)\r\n- Dimension:\r\n120 x 120 x 25 mm\r\n- Speed:\r\n600 - 2200 RPM +/- 10%\r\n- Static Pressure:\r\n3.88 mmH2O\r\n- Air Flow:\r\n70.07 CFM\r\n- Noise:\r\n36.45 dB(A)\r\n- Control Mode:\r\nPWM/ DC\r\nSpecial Features\r\nDisplay:\r\n3.5" Full Color LCD\r\nCompatibility\r\nIntel: LGA 1700, 1200, 115x\r\nAMD: AM5,AM4\r\nPackage Content\r\n1 x CPU Liquid Cooler (pre-applied thermal compound)\r\n3 x 120 mm ARGB Radiator Fan\r\n1 x Male cable for Daisy-chainable Fan\r\n1 x Female cable for Daisy-chainable Fan\r\n1 x Accessory Pack of Screws and Brackets\r\n1 x Quick Start Guide\r\n1 x ROG Sticker\r\n1 x ROG cable organizer\r\n1 x ROG VIP card','\r',char(13)),'\n',char(10)),139000,NULL,'DIGI656','instock',0,42,'20240106145301.png',NULL,6,'2024-01-06 14:53:01','2024-01-06 14:53:01');
INSERT INTO products VALUES(27,'ASUS ROG STRIX LC II 360 ARGB WHITE EDITION','0026','3 Years Warranty.',replace(replace('ROG Strix LC II 360 ARGB White Edition all-in-one liquid CPU cooler with Aura Sync, Intel®> LGA 1700/1200/1150/1151/1152/1155/1156/2011/2011-3/2066 and AMD AM4/TR4 support and three ROG 120 mm addressable RGB radiator fans\r\n\r\nSeventh Gen Asetek pump delivers exceptional cooling and minimal noise with an operating range starting at 840 rpm.\r\nThree ROG-designed radiator fans provide optimized airflow and static pressure.\r\nARGB lighting on the NCVM-coated pump cover and the radiator fans conveys a sleek, modern design.\r\nAesthetic perfectly complements ROG motherboards from center stage.\r\nReinforced, sleeved tubing offers increased durability.\r\n\r\nWater Block\r\nWater block dimention:\r\n80 x 80 x 45 mm\r\nBlock Material (CPU Plate):\r\nCopper\r\nRadiator\r\nRadiator Dimension:\r\n121 x 394 x 27 mm\r\nRadiator Material:\r\nAluminum\r\nTube:\r\nSleeved Rubber tube\r\nTube Length:\r\n380 mm\r\nFan\r\nFan:\r\nROG STRIX FAN MODEL 12 ARGB\r\n- Size:\r\n3 x Fan Slots (120mm)\r\n- Dimension:\r\n120 x 120 x 25 mm\r\n- Speed:\r\n800 - 2500 RPM +/- 10%\r\n- Static Pressure:\r\n5.0 mmH2O\r\n- Air Flow:\r\n80.95 CFM / 137.5 m3h\r\n- Noise:\r\n37.6 dB(A)\r\n- Control Mode:\r\nPWM/ DC\r\nSpecial Features\r\nAURA Sync Support:\r\nYes\r\nCompatibility\r\nIntel: LGA 1700, 1200, 115x, 2011, 2011-3, 2066\r\nAMD: AM5, AM4, TR4*\r\nPackage Content\r\n1 x CPU Liquid Cooler (pre-applied thermal compound)\r\n3 x 120 mm ARGB Radiator Fan\r\n1 x USB Input Cable\r\n1 x 1-to-3 Fan Splitter Cable\r\n1 x 1-to-4 ARGB Splitter Cable\r\n1 x Accessory Pack of Screws and Brackets\r\n1 x Quick Start Guide\r\n1 x ROG Sticker\r\nNote\r\nROG STRIX LC Series\r\n*The mounting bracket is bundled with TR4 CPU Package','\r',char(13)),'\n',char(10)),104500,NULL,'DIGI232','instock',0,44,'20240106145430.png',NULL,6,'2024-01-06 14:54:30','2024-01-06 14:54:30');
INSERT INTO products VALUES(28,'NZXT Kraken Elite 360 RGB White Liquid Cooler with LCD Display & RGB Fans','0027','3 Years Warranty',replace(replace('Get high-performance cooling, display a favorite animated GIF or static image, monitor real-time PC performance metrics, see music that''s currently playing, stream browser content and more with NZXT CAM software.\r\n\r\n2.36” diameter wide-angle LCD display with 640x640 resolution and 60 Hz refresh rate provides a sharp image from any viewing angle\r\nScreen supports the display of custom images, animated GIFs, and CAM system info with adjustable orientation\r\nPowerful Asetek pump provides optimal cooling and up to 2,800 RPM whisper-quiet operation\r\nIncludes F140/F120 RGB Core fans\r\nIncludes RGB Controller, RGB Fans, & USB Y-Cable\r\nSingle breakout cable simplifies installation\r\nRubber tubing is reinforced with nylon-braided sleeves to prevent leaks\r\nControl custom screen content, RGB, pump speed, and zero-noise fan curves with NZXT CAM software.\r\nInside the Box\r\nKraken Elite 360 RGB\r\n1\r\n\r\nF120 RGB Core fan\r\n3\r\n\r\nInstallation Accessories\r\n1\r\n\r\nRGB Controller\r\n1\r\n\r\nBreakout cable set\r\n1\r\n\r\nCAP\r\nMaterial:Aluminum, Plastic\r\nDisplay Orientation:Software adjustable Default, +90, +180, and -90 Degrees\r\nDisplay Panel Active Area:2.36” (60mm) diameter\r\nDisplay Color:24-bit true color LCD\r\nDisplay Resolution:640 x 640 px\r\nDisplay Brightness:690 cd/m²\r\nDisplay Panel Type:TFT-LCD (Wide Viewing Angle)\r\n\r\nWATER BLOCK\r\nDimensions:Diameter: 81.9mm H: 59.5mm\r\nMaterial (Block):Copper\r\n\r\nMaterial (Housing):Plastic\r\n\r\nPUMP\r\nMotor Speed:800 - 2,800 ± 300 RPM\r\nPower:12V DC, 0.3A\r\n\r\nRADIATOR\r\nDimensions:121 x 394 x 27mm\r\nMaterial:Aluminum\r\n\r\nTUBE\r\nLength:400mm\r\nMaterial:Ultra-low Evaporation Rubber with Nylon Braided Sleeve\r\n\r\nFAN SPECS\r\nModel:F120 RGB Core Fans\r\nQuantity:3\r\nDimension:120 x 120 x 26mm\r\nSpeed:500-1,800 ± 180 RPM\r\nAirflow:78.86 CFM\r\nAir Pressure:2.57 mm H2O\r\nNoise:33.88 dBA\r\nBearing:Fluid Dynamic Bearing\r\nPower Consumption:12 V DC, 0.2 A, 2.4 W\r\nFan Connector:4-pin PWM','\r',char(13)),'\n',char(10)),121000,NULL,'DIGI100','instock',1,121,'20240106145604.png',NULL,6,'2024-01-06 14:56:04','2024-01-06 14:56:04');
INSERT INTO products VALUES(29,'ASUS ROG Claymore II Wireless Modular Mechanical Gaming Keyboard','0028','1 Year Warranty',replace(replace('RED Switch\r\n\r\nROG Claymore II modular TKL 80%/100% gaming mechanical keyboard with ROG RX Optical Mechanical Switches, detachable numpad & wrist rest, wired & wireless 2.4G modes, extra customizable clicky hotkeys, volume control wheel and wireless Aura Sync.\r\n\r\nPlay It Your Way: Detachable numpad can be attached to either side of the 80% keyboard to suit personal play styles and gaming setups\r\nROG RX Optical Mechanical Switches: RX Red and RX Blue switches feature centralized lighting and provide consistent wobble-free keystrokes with near-zero debounce delay\r\nLearn more about ROG RX Keyboard Switches\r\nLag-Free Connection: Ultrafast 1 ms response in both wired or 2.4 GHz wireless modes\r\nOutstanding Battery Life: 4000 mAh battery provides up to 43 hours of use (full-size with lighting on), and keyboard includes built-in LED battery-level indicator\r\nFast Charge & USB Passthrough: Easily switch between USB-C® fast charging and USB Type-A passthrough\r\nIntuitive Control: Four fully customizable hotkeys and a built-in volume control wheel on the numpad\r\nWireless Aura Sync: Synchronized light effects — even in wireless mode\r\nErgonomic Design: Detachable magnetic wrist rest for comfortable marathon gaming sessions\r\n\r\nKey Switch\r\nROG RX RED Optical Mechanical Switch\r\nConnectivity\r\nUSB 2.0\r\nRF 2.4GHz\r\nSize (Full/TKL)\r\n100%\r\nLighting\r\nPer-Key RGB LEDs\r\nAURA Sync\r\nYes\r\nAnti-Ghosting\r\n100% Anti-Ghosting\r\nMacro Keys\r\nAll Keys Programmable\r\nOn-the-Fly Recording Support\r\nUSB Report rate\r\n1000 Hz\r\nUSB Pass through\r\nYes, full function\r\nProfile Hot Keys\r\nFn + 1 / 2 / 3 / 4 / 5 / 6*\r\n* 6 is default\r\nLighting Effects Hot Keys\r\nFn + Right or Fn + Left\r\nBrightness Setting Hot Keys\r\nFn + Up: Brightness up\r\nFn + Down: Brightness down\r\nMacro Hot Keys\r\nOn-the-Fly Macro Recording:\r\nStep 1: Fn + L-ALT to start recording\r\nStep 2: Fn + L-ALT to end recording\r\nStep 3: Assign new macro key\r\nMedia Hot Keys\r\nPlay/Pause\r\nStop\r\nBackward\r\nForward\r\nVolume Up\r\nVolume Down\r\nMute/Unmute\r\nOS\r\nWindows® 10\r\nSoftware\r\nArmoury Crate\r\nDimensions\r\n462 X 155 X 39 mm\r\nWeight\r\nApprox. 1156g (without cable)\r\nColor\r\nBlack','\r',char(13)),'\n',char(10)),85000,NULL,'DIGI998','instock',0,65,'20240106145849.png',NULL,7,'2024-01-06 14:58:49','2024-01-06 14:58:49');
INSERT INTO products VALUES(30,'ASUS ROG Strix Impact III Lightweight RGB Gaming Mouse','0029','1 Year Warranty',replace(replace('ROG Strix Impact III is a lightweight, ambidextrous form factor, 59-gram wired RGB gaming mouse, suitable for FPS gameplay, featuring a 12,000-dpi optical sensor, near-zero click latency, swappable mouse switch sockets, ROG Micro Mouse Switches, ROG Paracord, 100% PTFE mouse feet, and a durable design.\r\nPrecise motion tracking: 12,000 dpi with class-leading 1% deviation, 300-ips optical sensor and 1000 Hz polling rate.\r\nUltralight and ergonomic: 59-gram design and ergonomic shape ensure comfort during intense marathon gaming sessions.\r\nNear-zero click latency: Unique mechanical button-tension system warrants instant button actuation without unwanted clicks.\r\nSuperb click feel: ROG Micro Switches offer consistent click force and a 70-million-click lifespan.\r\nPush-fit Switch Socket: Swappable compatibility with mechanical switches to vary click force and extend lifespan of the mouse.\r\nSmooth, fast movements: ROG Paracord and 100% PTFE mouse feet.\r\nOn-the-fly DPI: DPI On-The-Scroll enables effortless on-the-fly in-game adjustments.\r\nEasy configuration: Armoury Crate software allows for easy setup and color customizations.\r\nNVIDIA®Reflex: Officially verified for NVIDIA Reflex Latency Analyzer to monitor mouse responsiveness\r\n\r\nROG Strix Impact III\r\n\r\nConnectivity\r\nUSB 2.0 (TypeC to TypeA)\r\nSensor\r\n3311\r\nResolution\r\n12000\r\nMax Speed\r\n300\r\nMax Acceleration\r\n35\r\nUSB Report rate\r\n1000 Hz\r\nL/R Switch Type\r\n70M ROG Micro Switches\r\nButton\r\n5 programmable buttons+1 DPI button\r\nAURA Sync\r\nYes\r\nGrip style\r\nPalm grip\r\nClaw grip\r\nFingertip grip\r\nGame Type\r\nFPS\r\nCable\r\nROG Paracord\r\nOS\r\nWindows® 10\r\nWindows® 11\r\nSoftware\r\nArmoury Crate\r\nDimensions\r\n126 x 62 x 39 mm\r\nWeight Without Cable\r\n59 g\r\nColor\r\nBLACK\r\nContents\r\n1 x QSG\r\n1 x Warranty Card','\r',char(13)),'\n',char(10)),17500,NULL,'DIGI263','instock',0,114,'20240106150006.png',NULL,7,'2024-01-06 15:00:06','2024-01-06 15:00:06');
INSERT INTO products VALUES(31,'Logitech Lift Vertical Ergonomic Mouse','0030',replace(replace('1 Year Warranty\r\n\r\nRaise your hand into comfort. Realign into a more natural posture. And relax into focus, all day long with Lift Vertical Ergonomic Mouse — a great fit for small to medium hands, with a left-handed option available too.','\r',char(13)),'\n',char(10)),replace(replace('Dimensions\r\nHeight: 4.25 in (108 mm)\r\nWidth: 2.7 in (70 mm)\r\nDepth: 2.8 in (71 mm)\r\nWeight: 4.4 oz (125 g)\r\nTechnical Specifications\r\nSensor Technology\r\nSensor Type: Logitech Advanced Optical Tracking\r\nDPI range: 400-4000 dpi (Fully adjustable with 100DPI increments)\r\nNominal value: 1000 DPI\r\nButtons\r\nNumber of Buttons: 6 (Left/Right-click, Back/Forward, Middle button, Scroll-wheel with middle click)\r\nCustomization app\r\nSupported by Logi Options+ on Windows and macOS 1Available on Windows and macOS at logitech.com/optionsplus\r\nBattery\r\nBattery type: 1x AA battery (included)\r\nBattery life: up to 24-months 2Battery life may vary based on user and computing conditions.\r\nConnection type support\r\nLogi Bolt USB receiver (included)\r\nBluetooth® Low Energy Technology\r\nWireless range\r\n10-m wireless range 3Wireless range may vary depending on the operating environment and computer setup.\r\nSustainability\r\nGraphite plastics: 70% post-consumer recycled material 4Excludes plastic in receiver, battery, printed wiring assembly (PWA), and FFC cable\r\nOff-white and Rose plastics: 54% post-consumer recycled material 5Excludes plastic in receiver, battery, printed wiring assembly (PWA), and FFC cable\r\nPaper Packaging: FSC™-certified and recyclable 6This packaging may not be recyclable in your area.\r\nCertified carbon neutral','\r',char(13)),'\n',char(10)),19000,NULL,'DIGI885','instock',0,68,'20240106150341.png',NULL,7,'2024-01-06 15:03:41','2024-01-06 15:03:41');
INSERT INTO products VALUES(32,'Fantech PRISMA+ MBR01 Mouse Bungee','0031','6 Months Warranty',replace(replace('Features a Built-In Counter Weight\r\nRGB Accent Lighting\r\n9-Step Spring\r\nReduces Cable Drag & Gives a Feeling Akin to Wireless','\r',char(13)),'\n',char(10)),5000,NULL,'DIGI132','instock',0,20,'20240106150445.png',NULL,7,'2024-01-06 15:04:45','2024-01-06 15:04:45');
INSERT INTO products VALUES(33,'ASUS ROG Strix XG49WCR 49" Double QHD (5120 x 1440) USB-C 165HZ OC','0032',replace(replace('3 Years Warranty\r\n\r\n9-inch 32:9 (5120 x 1440) super ultra-wide HDR gaming monitor HDR with 165Hz refresh rate (overclocked) for super-smooth gaming visuals','\r',char(13)),'\n',char(10)),replace(replace('Display\r\nPanel Size (inch) :\r\n49\r\nAspect Ratio :\r\n32:9\r\nDisplay Viewing Area (H x V) :\r\n1191.936 (H) x 335.232 (V) mm\r\nDisplay Surface :\r\nNon-Glare\r\nBacklight Type :\r\nLED\r\nPanel Type :\r\nVA\r\nViewing Angle (CR≧10, H/V) :\r\n178°/ 178°\r\nCurvature :\r\n1800R\r\nPixel Pitch :\r\n0.233mm\r\nResolution :\r\n5120x1440\r\nColor Space (sRGB) :\r\n120%\r\nColor Space (DCI-P3) :\r\n90%\r\nBrightness (HDR, Peak) :\r\n550 cd/?\r\nBrightness (Typ.) :\r\n450cd/?\r\nContrast Ratio (Typ.) :\r\n3000:1\r\nDisplay Colors :\r\n1073.7M (10 bit)\r\nResponse Time :\r\n1ms MPRT\r\nRefresh Rate (Max) :\r\n165Hz\r\nFlicker-free :\r\nYes\r\nVideo Feature\r\nTrace Free Technology :\r\nYes\r\nGameVisual :\r\nYes\r\nColor Temp. Selection :\r\nYes(4 modes)\r\nGamma Adjustment :\r\nYes (Support Gamma 1.8/2.0/2.2/2.4/2.6 )\r\nColor Accuracy :\r\n△E< 2\r\nGamePlus :\r\nYes\r\nPIP / PBP Technology :\r\nYes\r\nHDCP :\r\nYes\r\nExtreme Low Motion Blur :\r\nYes\r\nELMB Sync:\r\nYes\r\nVRR Technology :\r\nYes (Adaptive-Sync)\r\nGameFast Input technology :\r\nYes\r\nShadow Boost :\r\nYes\r\nDisplayWidget :\r\nYes\r\nLow Blue Light :\r\nYes\r\nKVM Switch :\r\nYes\r\nAudio Feature\r\nSpeaker :\r\nYes(5Wx2)\r\nI/O Ports\r\nUSB-C\r\nx 1 (DP Alt Mode & USB 3.2)\r\nDisplayPort 1.4 DSC\r\nx 1\r\nHDMI(v2.0)\r\nx 1\r\nUSB Hub :\r\n3x USB 3.2 Gen 1 Type-A\r\nEarphone Jack :\r\nYes\r\nUSB-C Power Delivery :\r\n90W\r\nUSB 3.2 (Signal) :\r\nx 2\r\nRJ45 :\r\nYes\r\nSignal Frequency\r\nDigital Signal Frequency :\r\nDP: 30KHz to 260KHz (H) / 48Hz to 165Hz (V)\r\nUSB-C:30KHz to 260KHz (H) / 48Hz to 165Hz (V)\r\nHDMI:30KHz to 225KHz (H) / 48Hz to 75Hz (V)\r\nPower Consumption\r\nPower Consumption :\r\n<45W*\r\nPower Saving Mode :\r\n<0.5W\r\nPower Off Mode :\r\n<0.3W\r\nVoltage :\r\n100-240V, 50/60Hz\r\nMechanical Design\r\nTilt :\r\nYes (+20° ~ -5°)\r\nSwivel :\r\nYes (+8° ~ -8°)\r\nHeight Adjustment :\r\n0~120mm\r\nVESA Wall Mounting :\r\n100x100mm\r\nKensington Lock :\r\nYes\r\n1/4" Tripod Socket :\r\nYes\r\nDimensions (Esti.)\r\nPhys. Dimension with Stand (W x H x D) :\r\n1193.62 x (522~402) x 324.7 mm\r\nPhys. Dimension without Stand (W x H x D) :\r\n1193.62 x 369.5 x 178.58 mm\r\nBox Dimension (W x H x D) :\r\n1307.6 x 483.5 x 369.9 mm\r\nWeight (Esti.)\r\nNet Weight with Stand :\r\n14.92 Kg\r\nNet Weight without Stand :\r\n11.27 Kg\r\nGross Weight :\r\n21.3 Kg\r\nAccessories (vary by regions)\r\nColor pre-calibration report\r\nDisplayPort cable\r\nHDMI cable\r\nPower cord\r\nQuick start guide\r\nROG pouch\r\nROG sticker\r\nUSB Type-B to A cable\r\nUSB-C cable\r\nWarranty Card\r\nWall-Mount Spacer Screw x4\r\nCertificate\r\nEnergy Star\r\nTÜV Flicker-free\r\nTÜV Low Blue Light\r\nVESA DisplayHDR 400','\r',char(13)),'\n',char(10)),449000,NULL,'DIGI856','instock',0,22,'20240106150724.png',NULL,8,'2024-01-06 15:07:24','2024-01-06 15:07:24');
INSERT INTO products VALUES(34,'ASUS ROG Strix XG349C 34" Fast IPS UWQHD 3440x1440 180HZ OC Type-C Curved Gaming Monitor','0033','3 Years Warranty',replace(replace('ROG Strix XG349C Gaming Monitor – 34 inch UWQHD (3440 x 1440), overclockable 180Hz (Above 144Hz), 1ms (GTG), Extreme Low Motion Blur Sync, USB Type-C, 135% sRGB, G-Sync compatible*, DisplayHDR™ 400\r\n34-inch UWQHD (3440 x 1440) HDR gaming monitor with ultrafast 180Hz (overclocking) refresh rate designed for professional gamers and immersive gameplay\r\nASUS Fast IPS technology enables a 1ms response time (GTG) for sharp gaming visuals with high frame rates\r\nASUS Extreme Low Motion Blur Sync (ELMB SYNC) technology enables ELMB together with G-SYNC Compatible, eliminating ghosting and tearing for sharp gaming visuals with high frame rates.\r\nHigh Dynamic Range (HDR) technology with professional color gamut delivers contrast and color performance that meets the DisplayHDR™ 400 certification\r\nUSB Type-C hub supports video transmission in DisplayPort signal; can serve as a USB hub, meaning that you can connect your device to your wired peripherals with clutter-free set-up\r\nG-SYNC Compatible*, delivering a seamless, tear-free gaming experience by enabling VRR (variable refresh rate) by default\r\n\r\nSpecifications\r\nDisplay\r\nPanel Size (inch) :\r\n34.14\r\nCurvature :\r\n1900R\r\nAspect Ratio :\r\n21:9\r\nColor Space (DCI-P3) :\r\n98%\r\nPanel Type :\r\nFast IPS\r\nTrue Resolution :\r\n3440x1440\r\nDisplay Viewing Area (HxV) :\r\n799.8 x 334.8 mm\r\nDisplay Surface :\r\nNon-Glare\r\nPixel Pitch :\r\n0.2325mm\r\nBrightness (Typ.) :\r\n400cd/?\r\nContrast Ratio (Typ.) :\r\n1000:1\r\nViewing Angle (CR≧10) :\r\n178°/ 178°\r\nResponse Time :\r\n1ms(GTG)\r\nDisplay Colors :\r\n1073.7M (10 bit)\r\nFlicker free :\r\nYes\r\nHDR (High Dynamic Range) Support :\r\nHDR10\r\nRefresh Rate (max) :\r\n180Hz\r\nVideo Feature\r\nTrace Free Technology :\r\nYes\r\nColor Accuracy :\r\n?E< 2\r\nGamePlus :\r\nYes\r\nLow Blue Light :\r\nYes\r\nHDCP Support :\r\nYes, 2.2\r\nGame Visual :\r\nYes\r\nVRR Technology :\r\nYes (Adaptive-Sync)\r\nExtreme Low Motion Blur\r\nYes\r\nELMB Sync :\r\nYes\r\nShadow Boost :\r\nYes\r\nDisplay Widget :\r\nYes\r\nPIP (PBP) Technology :\r\nYes\r\nKVM Switch :\r\nYes\r\nI/O Ports\r\nDisplayPort 1.4\r\nx 1 (HBR3)\r\nHDMI (v2.0)\r\nx 1\r\nUSB-C\r\nx 1 (DP Alt Mode)\r\nEarphone jack :\r\nYes\r\nUSB Hub :\r\n2x USB 3.2 Gen 1 Type-A\r\nUSB-C Power Delivery :\r\n18W\r\nAudio Features\r\nSpeaker:\r\nYes(2Wx2)\r\nSignal Frequency\r\nDigital Signal Frequency :\r\nHDMI: 31~151 KHz(H) / 48~100 Hz (V)\r\nDP: 31~271 KHz (H) / 48~144 Hz (V) (Normal)\r\n271~271 KHz (H) / 48~180 Hz (V) (OC)\r\nTypeC: 31~183 KHz(H) / 48~120 Hz (V)\r\nPower Consumption\r\nPower Consumption :\r\n<40W*\r\nPower Saving Mode :\r\n<0.5W\r\nPower Off Mode :\r\n<0.3W\r\nVoltage :\r\n100-240V, 50/60Hz\r\nMechanical Design\r\nTilt :\r\nYes (+20° ~ -5°)\r\nSwivel :\r\nYes (+25° ~ -25°)\r\nHeight Adjustment :\r\n0~100mm\r\nVESA Wall Mounting :\r\n100x100mm\r\nLighting effect (Aura) :\r\nAura Sync\r\nROG Light Signal :\r\nYes\r\nKensington Lock :\r\nYes\r\nDimensions (Esti.)\r\nPhys. Dimension with Stand (W x H x D) :\r\n815 x (411~511) x 279 mm\r\nPhys. Dimension without Stand (W x H x D) :\r\n815 x 366 x 142 mm\r\nBox Dimension (W x H x D) :\r\n887 x 469 x 329 mm\r\nWeight (Esti.)\r\nNet Weight with Stand :\r\n9.2 Kg\r\nNet Weight without Stand :\r\n5.6 Kg\r\nGross Weight :\r\n13.4 Kg\r\nAccessories (vary by regions)\r\nColor pre-calibration report\r\nDisplayPort cable\r\nHDMI cable\r\nPower adapter\r\nPower cord\r\nQuick start guide\r\nROG sticker\r\nUSB Type-B to A cable\r\nUSB-C cable\r\nWarranty Card\r\nWall-Mount Spacer Screw x4\r\nCertificate\r\nTÜV Flicker-free\r\nTÜV Low Blue Light\r\nVESA DisplayHDR 400\r\nG-SYNC Compatible','\r',char(13)),'\n',char(10)),389000,NULL,'DIGI192','instock',0,59,'20240106150844.png',NULL,8,'2024-01-06 15:08:44','2024-01-06 15:08:44');
INSERT INTO products VALUES(35,'ASUS ProArt 27" PA278CV USB-C 2K 100% sRGB Calman Verified Professional Monitor','0034',replace(replace('3 Years Warranty\r\n\r\n27-inch WQHD (2560 x 1440) LED backlight display with IPS 178° wide viewing angle panel International color standard 100% sRGB and 100% Rec. 709 wide color gamut','\r',char(13)),'\n',char(10)),replace(replace('Calman Verified with factory calibrated for excellent Delta E < 2 color accuracy\r\nExtensive connectivity including DP over USB-C™ with 65W Power Delivery, DisplayPort, HDMI, USB hub\r\n75Hz refresh rate and Adaptive-Sync technology (48~75Hz) to animated content with fast action and eliminate screen tearing\r\nDaisy-chaining allows users to daisy chain up to four monitors for a multi-display workstation via DisplayPort\r\nErgonomic design with +35° ~ -5° tilt, ±45° swivel, ±90° pivot and 150mm height adjustments for a comfortable viewing experience\r\n\r\nDisplay\r\nPanel Size (inch) : 27\r\nAspect Ratio : 16:9\r\nDisplay Viewing Area (H x V) : 596.7 x 335.7 mm\r\nDisplay Surface : Non-Glare\r\nBacklight Type : LED\r\nPanel Type : IPS\r\nViewing Angle (CR≧10, H/V) : 178°/ 178°\r\nPixel Pitch : 0.233mm\r\nResolution : 2560x1440\r\nColor Space (sRGB) : 100%\r\nBrightness (Typ.) : 350cd/㎡\r\nContrast Ratio (Typ.) : 1000:1\r\nASUS Smart Contrast Ratio (ASCR) : 100000000:1\r\nDisplay Colors : 16.7M\r\nResponse Time : 5ms(GTG)\r\nRefresh Rate (Max) : 75Hz\r\nFlicker-free : Yes\r\nLCD ZBD Warranty : Yes(3 yr)\r\nVideo Feature\r\nTrace Free Technology : Yes\r\nProArt Preset : Standard\r\nProArt Preset : sRGB\r\nProArt Preset : DCI-P3\r\nProArt Preset : Rec. 709\r\nProArt Preset : Scenery\r\nProArt Preset : Reading\r\nProArt Preset : Darkroom\r\nProArt Preset : Rapid Rendering\r\nProArt Preset : User mode1\r\nProArt Preset : User mode2\r\nColor Temp. Selection : Yes(5 modes)\r\nColor Adjustment : 6-axis adjustment(R,G,B,C,M,Y)\r\nGamma adjustment : Yes (Support Gamma 1.8/2.0/2.2/2.4/2.6 )\r\nColor Accuracy : △E< 2\r\nProArt Palette : Yes\r\nQuickFit : Yes\r\nHDCP : Yes\r\nVRR Technology : Adaptive-Sync\r\nProArt Widget : Yes\r\nLow Blue Light : Yes\r\nAudio Feature\r\nSpeaker : Yes(2Wx2)\r\nI/O Ports\r\nUSB-C x 1\r\nDisplayPort 1.2 x 2 (Daisy Chain)\r\nHDMI(v1.4) x 1\r\nEarphone Jack : Yes\r\nUSB-C Power Delivery : 65W\r\nSignal Frequency\r\nDigital Signal Frequency : HDMI: 30~112 KHz (H) / 46~75 Hz (V)\r\nDisplayPort: 112~112 KHz (H) / 46~75 Hz (V)\r\nPower Consumption\r\nPower Consumption : < 21.28W\r\nPower Saving Mode : < 0.5W\r\nPower Off Mode : 0W\r\nVoltage : 100-240V, 50/60Hz\r\nMechanical Design\r\nTilt : Yes (+35° ~ -5°)\r\nSwivel : Yes (+45° ~ -45°)\r\nPivot : Yes (+90° ~ -90°)\r\nHeight Adjustment : 0~150mm\r\nVESA Wall Mounting : 100x100mm\r\nKensington Lock : Yes\r\nDimensions (Esti.)\r\nPhys. Dimension with Stand (W x H x D) : 615 x (374~524) x 228 mm\r\nPhys. Dimension without Stand (W x H x D) : 615 x 372 x 54 mm\r\nBox Dimension (W x H x D) : 731 x 456 x 227 mm\r\nWeight (Esti.)\r\nNet Weight with Stand : 8.7 Kg\r\nNet Weight without Stand : 5.8 Kg\r\nGross Weight : 10.9 Kg\r\nAccessories (vary by regions)\r\nColor pre-calibration report\r\nDisplayPort cable\r\nHDMI cable\r\nPower cord\r\nQuick start guide\r\nUSB-C cable\r\nWarranty Card\r\nWelcome Card\r\nCertificate\r\nTÜV Flicker-free\r\nTÜV Low Blue Light\r\nCalman Verified','\r',char(13)),'\n',char(10)),169000,NULL,'DIGI122','instock',0,41,'20240106151009.png',NULL,8,'2024-01-06 15:10:09','2024-01-06 15:10:09');
INSERT INTO products VALUES(36,'ASUS TUF Gaming VG249Q3A 24" FAST IPS 180HZ Adaptive-sync, FreeSync,1ms','0035',replace(replace('3 Years Warranty\r\n\r\n24-inch(23.8 inch viewable), Full HD(1920x1080), 180Hz, Fast IPS, ELMB, 1ms (GTG), FreeSync Premium™, Variable Overdrive, 99% sRGB','\r',char(13)),'\n',char(10)),replace(replace('23.8-inch Full HD(1920x1080) Fast IPS gaming monitor with 180Hz refresh rate designed for professional gamers and immersive gameplay\r\n1ms (GTG) response time for smooth gameplay, and ASUS Extreme Low Motion Blur (ELMB ™) technology to further reduce ghosting and motion blur\r\nFreeSync Premium delivers a seamless, tear-free gaming experience by enabling VRR (variable refresh rate) by default\r\nShadow Boost enhances image details in dark areas, brightening scenes without over-exposing bright areas\r\n\r\nModel\r\nTUF Gaming VG249Q3A\r\nDisplay\r\nPanel Size (inch) : 23.8\r\nAspect Ratio : 16:9\r\nDisplay Viewing Area (H x V) : 527.04 x 296.46 mm\r\nDisplay Surface : Non-Glare\r\nBacklight Type : LED\r\nPanel Type : IPS\r\nViewing Angle (CR≧10, H/V) : 178°/ 178°\r\nPixel Pitch : 0.2745mm\r\nResolution : 1920x1080\r\nColor Space (sRGB) : 99%\r\nBrightness (Typ.) : 250cd/㎡\r\nContrast Ratio (Typ.) : 1000:1\r\nDisplay Colors : 16.7M\r\nResponse Time : 1ms(GTG)\r\nRefresh Rate (Max) : 180Hz\r\nFlicker-free : Yes\r\nVideo Feature\r\nTrace Free Technology : Yes\r\nGameVisual : Yes\r\nColor Temp. Selection : Yes(4 modes)\r\nGamePlus : Yes\r\nHDCP : Yes, 2.2\r\nExtreme Low Motion Blur : Yes\r\nVRR Technology : Yes (Adaptive-Sync)\r\nGameFast Input technology : Yes\r\nShadow Boost : Yes\r\nDisplayWidget : Yes, DisplayWidget Center\r\nLow Blue Light : Yes\r\nAudio Feature\r\nSpeaker : Yes(2Wx2)\r\nI/O Ports\r\nDisplayPort 1.2 x 1\r\nHDMI(v2.0) x 2\r\nEarphone Jack : Yes\r\nSignal Frequency\r\nDigital Signal Frequency : DisplayPort: 250~250 KHz(H) / 48~180 Hz (V)\r\nHDMI: 30~225 KHz (H) / 48~180 Hz (V)\r\nPower Consumption\r\nPower Consumption : <18W\r\nPower Saving Mode : <0.5W\r\nPower Off Mode : <0.3W\r\nVoltage : 100-240V, 50/60Hz\r\nMechanical Design\r\nTilt : Yes (+23° ~ -5°)\r\nHeight Adjustment : No\r\nVESA Wall Mounting : 100x100mm\r\nKensington Lock : Yes\r\nDimensions (Esti.)\r\nPhys. Dimension (W x H x D) : 541 x 394 x 174 mm\r\nPhys. Dimension without Stand (W x H x D) : 54.10 x 32.30 x 5.80 cm (21.30" x 12.72" x 2.28")\r\nBox Dimension (W x H x D) : 60.00 x 40.50 x 16.80 cm (23.62" x 15.94" x 6.61")\r\nWeight (Esti.)\r\nNet Weight : 3.5 kg (7.72 lbs)\r\nNet Weight without Stand : 2.9 kg (6.39 lbs)\r\nGross Weight : 5.5 kg (12.13 lbs)\r\nAccessories (vary by regions)\r\nDisplayPort cable\r\nHDMI cable\r\nL-shaped Screwdriver\r\nPower cord\r\nQuick start guide\r\nWarranty Card\r\nCertificate\r\nTÜV Flicker-free\r\nTÜV Low Blue Light\r\nAMD FreeSync Premium\r\nFSC Mixed','\r',char(13)),'\n',char(10)),69500,NULL,'DIGI205','instock',1,56,'20240106151131.png',NULL,8,'2024-01-06 15:11:31','2024-01-06 15:11:31');
CREATE TABLE IF NOT EXISTS "orders" ("id" integer primary key autoincrement not null, "user_id" integer not null, "firstname" varchar not null, "lastname" varchar not null, "mobile" varchar not null, "email" varchar not null, "line1" varchar not null, "line2" varchar, "city" varchar not null, "postalcode" varchar not null, "created_at" datetime, "updated_at" datetime, foreign key("user_id") references "users"("id"));
INSERT INTO orders VALUES(1,1,'Isaiah','Roth','+1 (398) 863-1808','tybucu@mailinator.com','585 Second Road','Qui in officia nulla','Laudantium et nemo','67','2024-01-06 15:12:24','2024-01-06 15:12:24');
INSERT INTO orders VALUES(2,1,'Julie','Mclean','+1 (504) 923-8671','wunybefa@mailinator.com','224 Second Court','Quo quia eos offici','Eu praesentium est','81','2023-12-06 15:14:11','2023-12-06 15:14:11');
INSERT INTO orders VALUES(3,1,'Quemby','Chaney','+1 (213) 935-3039','gevymequvo@mailinator.com','41 Fabien Boulevard','Inventore similique','Ab amet itaque in t','34','2024-01-06 16:18:38','2024-01-06 16:18:38');
INSERT INTO orders VALUES(4,3,'Prescott','Lester','+1 (415) 849-7626','danifyx@mailinator.com','305 Nobel Drive','Quia deserunt ut dol','Et id magna odit qu','47','2024-02-01 10:03:34','2024-02-01 10:03:34');
INSERT INTO orders VALUES(5,1,'Jessamine','Ruiz','+1 (246) 596-1796','kawer@mailinator.com','18 West Oak Road','Corrupti molestiae','Quisquam animi modi','26','2024-02-15 05:31:58','2024-02-15 05:31:58');
INSERT INTO orders VALUES(6,1,'Illana','Rowe','+1 (573) 292-2124','hokehemyh@mailinator.com','22 East Cowley Parkway','Nobis non deserunt d','Aut sit atque minima','100','2024-02-15 05:46:45','2024-02-15 05:46:45');
CREATE TABLE IF NOT EXISTS "notifications" ("id" varchar not null, "type" varchar not null, "notifiable_type" varchar not null, "notifiable_id" integer not null, "data" text not null, "read_at" datetime, "created_at" datetime, "updated_at" datetime, primary key ("id"));
CREATE TABLE IF NOT EXISTS "business_hours" ("id" integer primary key autoincrement not null, "day" varchar not null, "from" time not null, "to" time not null, "step" integer not null default '60', "off" tinyint(1) not null default '0', "created_at" datetime, "updated_at" datetime);
INSERT INTO business_hours VALUES(1,'Monday','09:00','17:00',30,0,'2024-01-06 13:36:44','2024-02-01 10:06:53');
INSERT INTO business_hours VALUES(2,'Tuesday','09:00','17:00',30,1,'2024-01-06 13:36:44','2024-02-01 10:06:53');
INSERT INTO business_hours VALUES(3,'Wednesday','09:00','17:00',30,0,'2024-01-06 13:36:45','2024-02-01 10:06:53');
INSERT INTO business_hours VALUES(4,'Thursday','09:00','17:00',30,0,'2024-01-06 13:36:45','2024-02-01 10:06:53');
INSERT INTO business_hours VALUES(5,'Friday','09:00','17:00',30,0,'2024-01-06 13:36:45','2024-02-01 10:06:53');
INSERT INTO business_hours VALUES(6,'Saturday','09:00','17:00',30,0,'2024-01-06 13:36:45','2024-02-01 10:06:53');
INSERT INTO business_hours VALUES(7,'Sunday','09:00','17:00',30,0,'2024-01-06 13:36:45','2024-02-01 10:06:53');
CREATE TABLE IF NOT EXISTS "appointments" ("id" integer primary key autoincrement not null, "user_id" integer not null, "date" date not null, "time" time not null, "created_at" datetime, "updated_at" datetime, foreign key("user_id") references "users"("id"));
INSERT INTO appointments VALUES(1,1,'2024-01-06','17:00','2024-01-06 15:15:04','2024-01-06 15:15:04');
INSERT INTO appointments VALUES(2,1,'2024-01-10','10:30','2024-01-06 15:15:07','2024-01-06 15:15:07');
INSERT INTO appointments VALUES(3,1,'2024-01-08','09:30','2024-01-06 15:15:10','2024-01-06 15:15:10');
INSERT INTO appointments VALUES(4,3,'2024-02-03','09:00','2024-02-01 10:02:54','2024-02-01 10:02:54');
INSERT INTO appointments VALUES(5,1,'2024-02-19','11:30','2024-02-15 05:33:15','2024-02-15 05:33:15');
INSERT INTO appointments VALUES(6,1,'2024-02-15','09:00','2024-02-15 05:45:57','2024-02-15 05:45:57');
CREATE TABLE IF NOT EXISTS "games" ("id" integer primary key autoincrement not null, "name" varchar not null, "description" text, "genre" varchar, "release_date" date, "platform" varchar, "rating" integer, "publisher" varchar, "developer" varchar, "image" varchar, "multiplayer" tinyint(1) not null default '0', "price" numeric not null default '0', "created_at" datetime, "updated_at" datetime);
INSERT INTO games VALUES(1,'Grand Theft Auto V','Grand Theft Auto V for PC offers players the option to explore the award-winning world of Los Santos and Blaine County in resolutions of up to 4k and beyond, as well as the chance to experience the game running at 60 frames per second.','action','2015-04-14','Steam (PC)',4.70000000000000017,'Rockstar Games','Rockstar North','20240106152751.jpg',0,13000,'2024-01-06 15:27:51','2024-01-06 15:27:51');
INSERT INTO games VALUES(2,'Apex Legends','Apex Legends is the award-winning, free-to-play Hero Shooter from Respawn Entertainment. Master an ever-growing roster of legendary characters with powerful abilities, and experience strategic squad play and innovative gameplay in the next evolution of Hero Shooter and Battle Royale.','battle-royale','2020-11-05','Steam (PC)',4.90000000000000035,'Electronic Arts','Respawn Entertainment','20240106153100.jpg',0,1000,'2024-01-06 15:31:00','2024-01-06 15:31:00');
INSERT INTO games VALUES(3,'New World','Explore a thrilling, open-world MMO filled with danger and opportunity where you''ll forge a new destiny on the supernatural island of Aeternum.','adventure','2021-09-21','Steam (PC)',3.60000000000000008,'Amazon Games','Amazon Games','20240106155721.jpg',1,15000,'2024-01-06 15:57:21','2024-01-06 15:57:21');
INSERT INTO games VALUES(4,'Dragon''s Dogma 2','Dragon’s Dogma 2 is a single player, narrative driven action-RPG that challenges the players to choose their own experience – from the appearance of their Arisen, their vocation, their party, how to approach different situations and more - in a truly immersive fantasy world.','rpg','2023-03-31','Steam (PC)',5,'CAPCOM Co., Ltd.','CAPCOM Co., Ltd.','20240106155955.jpeg',1,17000,'2024-01-06 15:59:55','2024-01-06 15:59:55');
INSERT INTO games VALUES(5,'Battlefield™ V','This is the ultimate Battlefield V experience. Enter mankind’s greatest conflict with the complete arsenal of weapons, vehicles, and gadgets plus the best customization content of Year 1 and 2.','shooter','2018-09-09','Steam (PC)',4.40000000000000035,'DICE','Electronic Arts','20240106160213.jpg',1,3000,'2024-01-06 16:02:13','2024-01-06 16:02:13');
INSERT INTO games VALUES(6,'Summer Memories','It''s summer break, and it''s been years since you''ve last seen your aunt and cousins in the countryside! You don''t know what to expect, but what could go wrong? Find out in Summer Memories!','simulation','2020-07-15','Epic Games (PC)',5,'Dojin Otome','Kagura Games','20240106160549.jpg',0,1500,'2024-01-06 16:05:49','2024-01-06 16:05:49');
INSERT INTO games VALUES(7,'Age of Empires IV: Anniversary Edition','Celebrating its first year of delighting millions of global players, the award-winning and best-selling strategy franchise continues with Age of Empires IV: Anniversary Edition, putting you at the center of even more epic historical battles that shaped the world.','strategy','2021-10-28','Steam (PC)',4.79999999999999982,'Xbox Game Studios','Relic Entertainment, Forgotten Empires, Climax Studios, World''s Edge','20240106160816.jpg',1,20000,'2024-01-06 16:08:16','2024-01-06 16:08:16');
INSERT INTO games VALUES(8,'Warframe','Awaken as an unstoppable warrior and battle alongside your friends in this story-driven free-to-play online action game','action','2013-02-05','Steam (PC)',5,'Digital Extremes','Digital Extremes','20240106161152.png',0,0,'2024-01-06 16:11:52','2024-01-06 16:11:52');
INSERT INTO games VALUES(9,'THE FINALS','Join THE FINALS, the world-famous, free-to-play, combat-centered game show! Fight alongside your teammates in virtual arenas that you can alter, exploit, and even destroy. Build your own playstyle in this first-person shooter to win escalating tournaments and lasting fame.','action','2023-12-07','Steam (PC)',2.89999999999999991,'Embark Studios','Embark Studios','20240106161357.jpg',1,0,'2024-01-06 16:13:57','2024-01-06 16:13:57');
INSERT INTO games VALUES(10,'Call of Duty®: Warzone™','Welcome to Call of Duty®: Warzone™, the massive free-to-play combat arena which now features the brand-new map, Urzikstan.','battle-royale','2022-11-16','Steam (PC)',4.29999999999999982,'Activision','Infinity Ward, Raven Software, Beenox, Treyarch, High Moon Studios, Sledgehammer Games, Activision Shanghai, Demonware, Toys for Bob','20240106161552.jpg',0,0,'2024-01-06 16:15:52','2024-01-06 16:15:52');
CREATE TABLE IF NOT EXISTS "order_details" ("id" integer primary key autoincrement not null, "order_id" integer not null, "order_type" varchar not null, "image" varchar not null, "product_name" varchar not null, "product_price" numeric not null, "quantity" integer not null, "total" numeric not null, "created_at" datetime, "updated_at" datetime, foreign key("order_id") references "orders"("id") on delete cascade);
INSERT INTO order_details VALUES(1,1,'product','20240106135059.png','MSI Stealth 16 Mercedes-AMG A13V I9 13TH RTX 4070',250000,1,250000,'2024-01-06 15:12:25','2024-01-06 15:12:25');
INSERT INTO order_details VALUES(2,1,'product','20240106135531.png','Lenovo LOQ 15IRH8 i5 13th GEN + RTX 3050 6GB',327000,1,327000,'2024-01-06 15:12:25','2024-01-06 15:12:25');
INSERT INTO order_details VALUES(3,2,'product','20240106142225.png','ASUS STRIX GAMING GeForce RTX 4090 24GB GDDR6X',769000,1,769000,'2024-01-06 15:14:12','2024-01-06 15:14:12');
INSERT INTO order_details VALUES(4,2,'product','20240106142352.png','ASUS ROG Strix Graphics Card Holder',17000,1,17000,'2024-01-06 15:14:12','2024-01-06 15:14:12');
INSERT INTO order_details VALUES(5,2,'product','20240106143238.png','G.Skill Ripjaws S5 16GB 5600Mhz',22000,1,22000,'2024-01-06 15:14:12','2024-01-06 15:14:12');
INSERT INTO order_details VALUES(6,3,'game','20240106160549.jpg','Summer Memories',1500,1,1500,'2023-12-06 15:14:11','2023-12-06 15:14:11');
INSERT INTO order_details VALUES(7,3,'game','20240106155955.jpeg','Dragon''s Dogma 2',17000,1,17000,'2023-12-06 15:14:11','2023-12-06 15:14:11');
INSERT INTO order_details VALUES(8,3,'product','20240106140528.png','AMD Ryzen 9 7950X (up to 5.7Ghz 16-cores 32-threads) 80M Cache',185000,1,185000,'2023-12-06 15:14:11','2023-12-06 15:14:11');
INSERT INTO order_details VALUES(9,3,'product','20240106150445.png','Fantech PRISMA+ MBR01 Mouse Bungee',5000,1,5000,'2023-12-06 15:14:11','2023-12-06 15:14:11');
INSERT INTO order_details VALUES(10,4,'game','20240106161357.jpg','THE FINALS',0,1,0,'2024-02-01 10:03:34','2024-02-01 10:03:34');
INSERT INTO order_details VALUES(11,4,'game','20240106152751.jpg','Grand Theft Auto V',13000,1,13000,'2024-02-01 10:03:34','2024-02-01 10:03:34');
INSERT INTO order_details VALUES(12,4,'product','20240106150006.png','ASUS ROG Strix Impact III Lightweight RGB Gaming Mouse',17500,1,17500,'2024-02-01 10:03:34','2024-02-01 10:03:34');
INSERT INTO order_details VALUES(13,5,'product','20240106135531.png','Lenovo LOQ 15IRH8 i5 13th GEN + RTX 3050 6GB',327000,1,327000,'2024-02-15 05:31:58','2024-02-15 05:31:58');
INSERT INTO order_details VALUES(14,5,'product','20240106140204.png','Intel Core i9 processor 14900K (36M Cache, up to 6.00 GHz)',208000,1,208000,'2024-02-15 05:31:58','2024-02-15 05:31:58');
INSERT INTO order_details VALUES(15,5,'game','20240106160213.jpg','Battlefield™ V',3000,2,6000,'2024-02-15 05:31:58','2024-02-15 05:31:58');
INSERT INTO order_details VALUES(16,6,'game','20240106152751.jpg','Grand Theft Auto V',13000,1,13000,'2024-02-15 05:46:45','2024-02-15 05:46:45');
INSERT INTO order_details VALUES(17,6,'product','20240106144132.png','Adata 8GB DDR4 3200MHZ Laptop RAM',8500,1,8500,'2024-02-15 05:46:45','2024-02-15 05:46:45');
DELETE FROM sqlite_sequence;
INSERT INTO sqlite_sequence VALUES('migrations',12);
INSERT INTO sqlite_sequence VALUES('users',6);
INSERT INTO sqlite_sequence VALUES('business_hours',14);
INSERT INTO sqlite_sequence VALUES('categories',8);
INSERT INTO sqlite_sequence VALUES('products',36);
INSERT INTO sqlite_sequence VALUES('orders',6);
INSERT INTO sqlite_sequence VALUES('order_details',17);
INSERT INTO sqlite_sequence VALUES('appointments',6);
INSERT INTO sqlite_sequence VALUES('games',10);
CREATE UNIQUE INDEX "users_email_unique" on "users" ("email");
CREATE UNIQUE INDEX "users_phone_unique" on "users" ("phone");
CREATE UNIQUE INDEX "failed_jobs_uuid_unique" on "failed_jobs" ("uuid");
CREATE INDEX "personal_access_tokens_tokenable_type_tokenable_id_index" on "personal_access_tokens" ("tokenable_type", "tokenable_id");
CREATE UNIQUE INDEX "personal_access_tokens_token_unique" on "personal_access_tokens" ("token");
CREATE UNIQUE INDEX "categories_name_unique" on "categories" ("name");
CREATE UNIQUE INDEX "categories_slug_unique" on "categories" ("slug");
CREATE UNIQUE INDEX "products_name_unique" on "products" ("name");
CREATE UNIQUE INDEX "products_slug_unique" on "products" ("slug");
CREATE INDEX "notifications_notifiable_type_notifiable_id_index" on "notifications" ("notifiable_type", "notifiable_id");
CREATE UNIQUE INDEX "business_hours_day_unique" on "business_hours" ("day");
COMMIT;
